date,Q1_Q1,Q1_Q2,Q1_Q3,Q2_Q1,Q2_Q2,Q2_Q3,Q3_Q1,Q3_Q2,Q3_Q3,Market
1970-01-01,-0.12282054215582217,-0.08688228038918695,-0.09110146512665898,-0.09166426132815306,-0.10435198378436959,-0.05507080564844276,-0.08338070499364893,-0.05572165554817589,-0.03153819060161784,-0.07752952237412601
1970-02-01,0.05435927818882537,0.11037137575740497,0.11855143148367131,0.054037879903613514,0.06083039261397363,0.0656403253974599,0.03438574957383783,0.06723605989095235,0.05958269773016285,0.0573822516782226
1970-03-01,-0.017961095153815554,-0.0004869389878512202,-0.027412279216871085,0.0002684971307398039,-0.006057636384272615,0.013441971832701915,-0.009917576752803029,-0.01078496296597363,0.018969537714855836,-0.00014718031138699975
1970-04-01,-0.11224320973817851,-0.1246693784902349,-0.14018956408249467,-0.09293174165001251,-0.06885991270889111,-0.09109457752274212,-0.09777531385385944,-0.09390539757217561,-0.07142978965620038,-0.0907387140875741
1970-05-01,-0.0706712371933115,-0.05771380470785088,-0.08647967005623351,-0.05102929258040002,-0.07725373616133066,-0.07853221508928221,-0.05639648623579575,-0.056193163544011146,-0.06075704133770302,-0.0552805264795882
1970-06-01,-0.06044606275266437,-0.08042140291998762,-0.08068976906405782,-0.0574822452282518,-0.04071551844173696,-0.03317057598665964,-0.05754950846217474,-0.0368635375494869,-0.047202455496169395,-0.049039141318559
1970-07-01,0.11323149591883445,0.11260774755760562,0.10153947108624958,0.05692969689247607,0.08957132020130723,0.07971600020689247,0.06439753446308547,0.05822537436015392,0.042197397582258225,0.0750885049168891
1970-08-01,0.0698860271571721,0.09660515282514787,0.058497507284212824,0.05259953706287436,0.04196762618125961,0.031080069944032444,0.0372973478923418,0.015386333034937666,0.02565085605405143,0.0473892093901735
1970-09-01,0.04067287108033056,0.018742433253200762,0.09663221097395143,0.042998308525562225,-0.013852709357317507,0.026888566935307008,0.02644191180908672,0.0145106802502549,0.022742668809685673,0.033626503546347
1970-10-01,-0.06103739763117876,-0.05201285823280471,-0.07760575889204085,-0.014586021892032286,-0.009897189967299278,-0.039744281770839156,-0.0023745901604148873,-0.021390496057914495,-0.022255056849902255,-0.0107678501141183
1970-11-01,0.06570255175912615,0.05761960144692392,0.009177176797121593,0.04367842170307862,0.058361580314400884,0.05260443315972647,0.04574274718037051,0.05147581191784202,0.048586410585497807,0.0522283610058918
1970-12-01,0.07250856419302311,0.08390228359099594,0.10019805864970205,0.04431472633023673,0.06352533773208559,0.08696056341943373,0.042478721454705104,0.05726065935763354,0.07476323764049302,0.0569780035596811
1971-01-01,0.08223362918581947,0.08813921734731577,0.07862090330198802,0.04667794785746361,0.034567941267001544,0.03787603885001728,0.015390968187113994,0.0584368344171451,0.02899313298281082,0.0429209050461087
1971-02-01,0.0130902052233232,0.02985038350439966,0.03743403400736806,0.009344177154689784,0.003952052493965484,0.010791650939916856,0.008928075151735704,0.0063245414561133246,-0.004438707698090571,0.0125860543126418
1971-03-01,0.04691707040838454,0.04789325275173975,0.035637356071469,0.05349402999934823,0.022808936898169832,0.05146884447353166,0.029661730112649613,0.024987914777653355,0.03161216958885118,0.0386523412118647
1971-04-01,0.07718528536585484,0.07354348637826247,0.07246082758514834,0.047716823614047305,0.01716956042197294,0.04303560701056676,0.029363215592945243,0.012522410796040356,0.02188366988628686,0.0378879218262025
1971-05-01,-0.030863537672615862,-0.03814876665276565,-0.03054574601472778,-0.032490072520891915,-0.03797333765241053,-0.028574097548435616,-0.04582409591948569,-0.04941491950496188,-0.03853928242858385,-0.0381018308529561
1971-06-01,0.002186456770972669,-0.016313375317270742,-0.03695808164363833,0.01623075698487421,0.0018527617919486226,-0.012740198310796294,-0.007161113810800335,0.003971948325860194,-0.016318287835247136,0.0014020040625025995
1971-07-01,-0.0747847059636391,-0.07373050592299155,-0.06040641233292715,-0.041696536681857535,-0.0497273798705203,-0.042308577594011784,-0.04435722772710887,-0.0346053875706218,-0.03287709252113874,-0.0418457824173894
1971-08-01,0.06773277210661513,0.07714065979932871,0.07938400132025013,0.024560725844229497,0.03589759419383046,0.05623958367662189,0.039993097942748856,0.009439993579505642,0.019478243163930167,0.041906278172857206
1971-09-01,-0.026989448158076954,-0.012293442649721967,-0.0156186643847782,-0.020626836922746687,-0.01712455109721333,-0.01990745412519658,-0.00015252657811152572,-0.014993203939728314,-0.017669597282973605,-0.006953381857160001
1971-10-01,-0.06564529875185422,-0.06863192618174621,-0.06500092136617161,-0.04625378995961048,-0.05042939363631301,-0.07626326768512447,-0.03471264716130224,-0.03704340286284131,-0.05865125143977621,-0.0407239308766347
1971-11-01,-0.0009912133371860563,-0.019625993624707225,-0.0199006871278219,-0.006079714653363372,-0.019299590890993673,-0.031233713423376372,0.0032169158408385263,0.002168848810812531,-0.002021880182771001,0.0011145391847182003
1971-12-01,0.07991462136743185,0.10530013506382992,0.12168862482127342,0.0769572975155565,0.10099909278601758,0.10496737586325838,0.07787867420839527,0.08316377171788865,0.07828507712602743,0.0863026816762221
1972-01-01,0.05284300555304278,0.035746900920574205,0.0730053256879367,-0.006196676636743972,0.018775614316931335,0.011742119340841128,0.024656201746528175,-0.004354057450779694,0.011125121626633743,0.0195155888105683
1972-02-01,0.051559038416339756,0.0345833511627043,-0.010674317077300488,0.030870708208629024,0.03252214309005809,0.025999580579906395,0.03338279993256648,0.0009015006364020313,0.04804361973048205,0.0307376231361705
1972-03-01,-0.0229215481247198,0.009051737805532041,-0.010358206200805863,0.0036208993088544823,0.01982317347572322,-0.0065459860022550175,-0.0006292639371327704,0.02327365994887086,0.002941566086182625,0.007558862065435999
1972-04-01,0.014039704846250882,0.0012177035457295133,0.043662637979114245,-0.010482019141463642,0.02053957166540466,0.0022783750689466826,0.0043883543655458285,-0.00561419553157247,-0.009540127736019786,0.0047938554476149005
1972-05-01,0.013899502506477278,0.015024555245122362,-0.022647585315129948,0.023155076667260705,-0.015267664956656359,-0.006149732968643704,0.041116609765023016,0.0016948488255272582,0.00030061359346120805,0.022015699647655502
1972-06-01,-0.06647521944560061,-0.0660062061295894,-0.04280879277442044,-0.02701194183581825,-0.03134286622665866,-0.043077088458875236,-0.007629430702219725,-0.024928426034446494,-0.016248921558964877,-0.0203506266145395
1972-07-01,-0.021037787496992342,4.697666832906896e-05,-0.05858064336704485,0.01069438936238648,-0.010300710930114435,-0.04647439444773719,0.01857856644955626,-0.02029163605061462,0.003962754655230804,0.0032748713412478
1972-08-01,0.04269781393842322,0.044045268022808566,0.04993111798507686,0.023960996898956952,0.05527798326060496,0.035294527205844306,0.03632308322973031,0.049868017263552916,0.029238156359447313,0.0404711189102018
1972-09-01,-0.027265501212641586,-0.05744629512979497,-0.038893551741112406,-0.013292901378606763,-0.021309259151998425,-0.017930685990917128,0.0032720786721398398,0.009671812971048136,-0.03143329651439534,-0.0047256765806343
1972-10-01,0.022939584845810726,-0.0020951273868157864,-0.01934010058635273,-0.023161209913257274,0.00942240949205347,-0.016923082199884327,0.022653147587412804,0.011561170963130162,0.0025745798271204524,0.0097878127160119
1972-11-01,0.05329513942834904,0.06398961785705816,0.10198899777186252,0.04400246963581188,0.06137710960182057,0.10818985323642696,0.021668547537615164,0.05168790028412339,0.07973399358946227,0.0500812255892331
1972-12-01,0.002751710543910728,-0.008818097795981224,-0.024854236313817196,0.000949699367151469,-0.018425672270826546,-0.024027772203092268,0.025900381556434433,0.021780562421165564,-0.02294996612046899,0.011954031061482599
1973-01-01,-0.07895729450061513,-0.10134693236597217,-0.0785605664399445,0.014960378289555796,-0.07184551559910533,-0.038359803778660356,0.0020514390540566987,-0.03030470242577747,-0.03374467946580855,-0.0159216502153149
1973-02-01,-0.0438326789798544,-0.0586418557847174,-0.06575925437408384,-0.04023814738484593,-0.0391710448235622,-0.06613207889026322,-0.03203761005639924,-0.040192167368957095,-0.04748959115554909,-0.0349684557146412
1973-03-01,-0.01493803356151728,-0.04100326901443619,-0.014579487183141221,-0.02111667532804773,-0.014133151326316883,-0.018634747848564483,0.00437244192498976,-0.005604292069071686,-0.016118129466576425,-0.0027992244309868
1973-04-01,-0.06938281806654613,-0.10901757239788046,-0.10450253879576367,-0.05198924407654994,-0.033328016929392995,-0.07583234737821765,-0.040317782007519745,-0.03470744018920657,-0.040962322164039514,-0.0419832385598564
1973-05-01,-0.05525915322076566,-0.06189833692456256,-0.08345517655640475,-0.007043173922210802,-0.04806444391099828,-0.05100965607599318,-0.01356371246538958,-0.006553508287136623,-0.032610164177227126,-0.0155101497878546
1973-06-01,-0.05181850050483486,-0.06573042334961783,-0.07737521819310003,-0.01967847312621214,-0.015182432986486444,-0.03513322629377656,0.002484540758108701,-0.010096414613863689,-0.013774791209249116,-0.0074583110470757006
1973-07-01,0.11339445589064032,0.08188533425336685,0.11288585961482603,0.05575086268107718,0.04950403448901075,0.0682161683807753,0.02402982558124351,-0.012912697963883706,0.028107613860050697,0.037752365367964995
1973-08-01,-0.031244117714572257,-0.016028027209160887,-0.038689789078490786,-0.038171848852569676,-0.023406370294885296,-0.007239008281032126,-0.05687551969039715,-0.03884357604213468,-0.03506471480608783,-0.0356041662477313
1973-09-01,0.11100146880437747,0.09617870623900764,0.0990166557587369,0.07227122292571225,0.08633985430296032,0.08844203208147643,-0.016816552243089512,0.06091194762155497,0.056787987033476595,0.0426973911969662
1973-10-01,-0.016092761454931104,-0.016766633216268458,-0.02681429775009972,-0.005325832681128111,0.0020429512938096254,0.02027195290476831,0.005410983014807781,-0.03621267059562819,-0.02908142688522016,-0.0005412416129709002
1973-11-01,-0.16461937979604685,-0.19276928054606182,-0.17885815502347663,-0.12070221176322538,-0.1182404744162589,-0.1302902048065392,-0.09884317093357162,-0.06643148849490402,-0.14188498522349144,-0.1045069226993833
1973-12-01,-0.0211728615304512,0.000974210431849842,0.006389795389316832,0.006491509470325222,0.031006812421363984,0.04239833110363888,-0.01570086688853527,0.0636528352506381,0.05289194894838671,0.0189517324468698
1974-01-01,0.02549352994835731,0.08129331126922465,0.05752392519135377,0.003532947682092707,0.0192124379627803,0.02588035229505102,-0.039651665261561136,-0.022228748787202705,-0.0236886190888375,-0.0071705246651493
1974-02-01,0.016221744447924628,0.038611540215390726,0.030684261209566965,-0.016337094426695002,0.011035478412232898,0.03019826697975738,-0.0256964443971188,0.006482438042161056,0.013040403073153916,-0.0009132050571044993
1974-03-01,-0.04375603909556964,-0.03565901711446105,-0.01659848738319496,-0.036606605242005444,-0.02168129586266973,-0.013440415818673973,-0.024326649243377345,-0.043496725668200044,-0.038199208953430874,-0.0242751659772368
1974-04-01,-0.04538744015506883,-0.06188423790023558,-0.041315106006463105,-0.03916324075061757,-0.0354750372863239,-0.02700318894727783,-0.05264137519772715,-0.05278160112257704,-0.07264869625310721,-0.0414282730693312
1974-05-01,-0.036707324824285265,-0.06265372530553218,-0.053316871374583734,-0.02923185131935787,-0.0420962145296749,-0.028029529645706368,-0.028677521614939895,-0.03699910721843129,-0.07916974971211763,-0.028416212529474
1974-06-01,-0.02013624179844197,-0.06209312799098525,-0.057540828116906334,-0.012024617206664423,-0.017364525160239938,-0.04041087162845162,-0.02019849592995242,-0.013206382174348393,-0.04386401400032803,-0.0158658493823133
1974-07-01,-0.05157097694001804,-0.04502036655729967,-0.0597767483403446,-0.09736119243945526,-0.03970871256236846,-0.053664256106654575,-0.09324820589367705,-0.08841958724473348,-0.08644035260077096,-0.07576727169215039
1974-08-01,-0.08867058985263276,-0.07927420062810941,-0.07270195814931613,-0.10128157675981557,-0.09623998472526538,-0.0667277209595544,-0.08227765662763498,-0.11292881188161963,-0.08551725415125755,-0.08275555802947311
1974-09-01,-0.12695923425303265,-0.09955381109999234,-0.07636847672964102,-0.11970146140432,-0.09240387863631852,-0.10165306007407825,-0.14756869480286883,-0.11531110964801013,-0.060630052198709324,-0.1179002888714799
1974-10-01,0.1654312402778321,0.09698494903848512,0.14545952772578707,0.22781937539728347,0.09577902894693169,0.1381658093693803,0.2049430464773298,0.09967891168523277,0.10244664248938906,0.1779082657702282
1974-11-01,-0.04191210912884213,-0.026170947825288116,-0.06598646605724313,-0.061175455798725104,-0.0325007594791031,-0.048919027463483665,-0.05648344291852543,-0.05583310604619999,-0.038051791831092384,-0.0471942634331872
1974-12-01,-0.03579195342834507,-0.013136320227111684,-0.039953488556204196,-0.044289216350639114,-0.022813886061274803,-0.04672246041292552,-0.023459760216996035,-0.016023501249211917,-0.01304897527590381,-0.0207226256281089
1975-01-01,0.1192432877665826,0.21190841858035417,0.32450429928320623,0.08536958726039721,0.15571154165582002,0.25321609522909605,0.08613036451412096,0.21361464400214486,0.21481068295392944,0.13295732487486311
1975-02-01,0.05671044302029135,0.03086621965114389,0.023694800528915184,0.06212225125175656,0.022339853720740703,0.018679530043667063,0.10944009488753045,0.03317923273774042,0.007286090085426803,0.0697616278244404
1975-03-01,0.08184911626463476,0.0950107826347687,0.16002106062189198,0.04598191633176791,0.019704062752365616,0.0389720385467301,-0.006886926772698417,-0.012668741577571745,0.04050412640748247,0.025324640806159
1975-04-01,0.07917631726607353,0.04398287579811921,0.05062824428713554,0.05590204131380844,0.01536853892051391,0.055832797015084284,0.059480512513464034,0.015996339677923514,0.04141822170211095,0.052164536817664496
1975-05-01,0.0609689531293294,0.030560183727252666,0.048925396323770645,0.021180897233516762,0.04430812571222868,0.04464880016680129,0.05622732916735691,0.05992778440638204,0.029072489821472175,0.0521930006241788
1975-06-01,0.05316955409848838,0.04862206144191943,0.07101036746065564,0.03920340406458562,0.06333378695916275,0.09389429365581739,0.020469603936659628,0.039488718204230215,0.08784833334632552,0.0461061699328627
1975-07-01,-0.08350377626713365,-0.05305268108489815,-0.0608370913965978,-0.07680894911816981,-0.05332011674740932,-0.05103745929620005,-0.08369704255743768,-0.05541151277189364,-0.045733827280269965,-0.0670101003063131
1975-08-01,-0.023168929996024875,-0.046383774205343016,-0.06410773765083753,-0.022401620084920772,-0.0015925001717260415,-0.004596695009865036,-0.03223995937722148,-0.009515251431510392,-0.017503549869767335,-0.0180752917617254
1975-09-01,-0.0437574554956573,-0.043207876047441376,-0.06558113885729656,-0.05742575118706656,-0.03774883914440208,-0.0303308391603591,-0.031888912869644064,-0.05418972968561824,-0.024687821263946697,-0.0346694813592269
1975-10-01,0.08581608495465365,0.0726648557091932,0.08487882970485633,0.06705012758551174,0.05740775266529504,0.06469266766757995,0.04759197556879467,0.05856609526187417,0.06605707203740685,0.0646425550605565
1975-11-01,0.02827307195786162,0.07462269966640042,0.06953611206629107,0.004932456211507442,0.03313853201574592,0.03050586233382714,0.02524318986716942,0.025322378148102676,0.02494082328455218,0.029183583419145398
1975-12-01,-0.03631308602848871,0.002613516668582172,0.005747930999758787,-0.02713420948411584,-0.03480676055890243,-0.007850227836127521,-0.020880801066094724,-0.00498433685406909,0.005263783096176227,-0.012941011027196699
1976-01-01,0.11399545857036385,0.18457179310701277,0.21898990920775738,0.1479937550961053,0.11466499580039373,0.13169867986590622,0.07801197555219908,0.11128319665157502,0.14660479517829028,0.1213814333711234
1976-02-01,0.006180311867984331,0.05094605372618836,0.07933322581885191,-0.006209708905291869,0.0006006633605402266,0.017573748638373902,-0.04261566332499277,0.0015595402988865213,0.011235770854752553,-0.005193402751214601
1976-03-01,0.007160682088282943,0.005075780756137873,0.02590176876619346,-0.0046081567254085375,0.028858454211693505,0.0033066131449467854,0.054679444122707255,0.02731723334669788,0.03367273307270657,0.032199098745602506
1976-04-01,-0.03137754343001897,-0.032028538332161134,-0.028773233316548283,-0.0111190964838205,-0.012405942190074723,0.004830913060626672,-0.0287860534738482,0.002231503301907056,0.0037911708608862607,-0.0113158469170351
1976-05-01,-0.02586108045642787,-0.008997589759449358,-0.053314622038918125,-0.030222151965232057,-0.024872905253954775,-0.024138617554828157,0.014651161415607428,-0.014056887879185936,-0.026834043367436014,-0.0087093047224844
1976-06-01,0.04808572336410791,0.06829293670685543,0.04906040350133209,0.02752017718505269,0.03849418307335472,0.04587230454457093,0.04530838427939655,0.027571201688383597,0.022109379551339424,0.0424816189079161
1976-07-01,-0.02324010064059714,-0.008705645200975661,0.0051980939710211446,-0.014819238064372658,-0.029130965858161814,-0.007011184570216426,-0.018949645337822278,-0.008076632737120514,-0.00854518388472307,-0.009841447294816199
1976-08-01,0.00101256018243992,-0.0013794169099538602,-0.021482439349300896,-0.027945973887349686,-0.0026630030477127614,-0.012929343170762268,-0.0018737562139909828,0.01105438508854343,-0.00018128785721591156,-0.0005568588007538997
1976-09-01,0.005123400596890812,0.006876516083233587,0.0045156117843035875,0.006983713717989466,0.009744505909242796,0.016693660178266206,0.028574278436891636,0.021613532569235563,0.043458101174060876,0.0219452010418545
1976-10-01,-0.04060516611330367,-0.03882152750278601,-0.008323912836361401,-0.02714935776402498,-0.028789032701394154,-0.03410528389119673,-0.03843311276428614,-0.008121224686964136,-0.012562734078525163,-0.0224798135413254
1976-11-01,0.0103694925522953,0.022048958457647743,0.040006257506467524,-0.027222141218482286,0.01311218485869511,0.016171901594065376,-0.020280156245736168,0.009003548562136462,-0.0006902531202911608,-0.0018841057895723
1976-12-01,0.03809994653747947,0.06507265011435134,0.07076657556189145,0.02808605326104215,0.047843576401160784,0.06572479890425817,0.04065205200562508,0.04442589948552693,0.08347934085836788,0.052465434375186706
1977-01-01,-0.08949911467959337,-0.04118156327247621,-0.022313762048382542,-0.07524872026148502,-0.02163613709095634,-0.016628397598707982,-0.061026332332360766,-0.019826785679295907,-0.040503271212799175,-0.049365733854197
1977-02-01,-0.025591302507280728,-0.02178350837651032,-0.03939591805770529,-0.011863052032784642,-0.02611391881645012,-0.02548975815627225,-0.021758373083517284,-0.01413405150968816,-0.028126860679924603,-0.0174504516902092
1977-03-01,-0.01755553937920119,0.0030421215375942274,0.001195040104079711,-0.023757484120219212,-0.021450344944170342,0.006817951768506626,-0.017510734637950023,-0.016020575484742033,-0.030299034475822443,-0.0145718738690395
1977-04-01,-0.00016389310142902753,0.011391095147297511,0.014997248197678571,-0.04096708781810526,-0.008552675461885286,0.024880940158574005,0.0007769678552239051,0.005082554087266652,0.016456806891047827,8.401529069290009e-05
1977-05-01,-0.0179987946152,-0.027824249504330247,-0.03519144932136785,-0.044947691360867285,-0.031775300554237655,-0.021423509886833475,-0.016496599531682806,0.0038078647283054257,-0.010268276605653359,-0.0165317992289934
1977-06-01,0.06140651616215334,0.04118020522081817,0.05750940669489567,0.04663988466490952,0.030092458685009277,0.034537682536126754,0.060208555683291226,0.02417940361644475,0.034566861280741934,0.045855338835423504
1977-07-01,-0.011571105540409403,-0.023792261532314705,-0.018755029557652993,-0.022728470490954247,-0.006565813145451893,-0.0461123756244704,-0.03713974291647647,-0.017405059754436427,-0.02170290370449823,-0.017612640002182
1977-08-01,-0.0032210094666034984,-0.0035251920832699776,-0.02410670781426088,-0.0018512923033723871,-0.020495186340351655,-0.027846110223498307,-0.019999438760363458,-0.04299122386292961,-0.023728240715959137,-0.0139095272198099
1977-09-01,-0.010532132678964181,-0.019066894653326637,-0.0054242254666163284,-0.020208822343433207,-0.007999575522000878,-0.034196109453348965,-0.010664405586215038,0.014538967112955643,0.009822544555428355,-0.0032551515774224002
1977-10-01,-0.0636055584845255,-0.03861758149183301,-0.04880814127105205,-0.05259946258610218,-0.05040768147347725,-0.054427644959232996,-0.04577546181882197,-0.051396315320245474,-0.040829802790028666,-0.0450627822327241
1977-11-01,0.0648704264664529,0.0536333485695783,0.07394518299218487,0.026339162037462015,0.0177257851536788,0.029117027912384377,0.03665685085409363,0.014501426829304574,0.024904529873171974,0.0337976527711153
1977-12-01,-0.012846308038719724,-0.01876931426116432,-0.006878510381834906,-0.008592973316224809,-0.016979255310569194,-0.003049557344363265,0.0017890747999149501,0.016101130508900108,-0.016431080159307714,0.0023466677201557998
1978-01-01,-0.08117906202824533,-0.06967272744151137,-0.04690137775642001,-0.08804416350001897,-0.07951859519398517,-0.05918818710344878,-0.0692013529021644,-0.05785273555631271,-0.057930381913506634,-0.0636081648063572
1978-02-01,-0.035067269896088625,-0.027659423193853727,-0.019903372799423467,-0.037071260318187894,-0.02768952836315523,-0.03180056111667994,-0.03704888051997764,0.00822981616642919,-0.018231236531335585,-0.0186865329565854
1978-03-01,0.034834321757906336,0.045366659914214943,0.0478515565623431,0.01630392940127339,0.03177799703735185,0.06785058523104387,-0.008949393144719101,0.021061828959761192,0.014321964255644703,0.0242160431857822
1978-04-01,0.13149164673558025,0.10253668045339961,0.08686408334617349,0.08916681033805349,0.07778987887617211,0.07705488434287347,0.09866144943897126,0.03263600140864192,0.07563776987611509,0.0872022813461239
1978-05-01,0.0038838858866078515,0.03540533315887796,0.0371225118874409,0.02023222006525212,-0.0024692946976455354,0.03697440501244641,-0.0005568139014789277,-0.01614946976427859,0.02204693574887312,0.0111543788432404
1978-06-01,-0.025396830889971356,-0.026978099715127178,-0.04371560751071923,-0.024185707893021866,-0.042472736151707983,-0.034355876939861724,-0.021194894051462097,-0.02243238646317853,-0.023927404978861082,-0.0200213312218348
1978-07-01,0.08183624483134941,0.06214640807881105,0.08822988701845444,0.06956665068234782,0.04544216664343599,0.06186111917639341,0.03416972624774045,0.014836112345279467,0.0377090305801852,0.054274663325095396
1978-08-01,0.026260566985498168,0.03601511642567029,0.08023582402641752,0.024203808915758955,0.029891502201705777,0.025553854503133314,0.018599629408244445,0.01725050970411672,0.03170501101386547,0.030951532891311598
1978-09-01,-0.027046083400074677,-0.03989552704246772,-0.007844154081047928,-0.04689235426579297,-0.014248028248966444,-0.010490210863821892,-0.0015130738134857182,0.005715739314119638,0.015357460907548769,-0.008816530059709
1978-10-01,-0.11552901983515868,-0.13695770626039666,-0.18335695391078327,-0.08817984359497465,-0.11026519465959257,-0.12685478742881096,-0.09276293518555048,-0.07380748169653956,-0.11541325426846065,-0.0932280663139579
1978-11-01,0.012676300078182965,0.03430253142972937,0.05476161031411862,0.0226470140390104,0.004705046799585787,-0.00026472086515543294,0.021386920261828944,0.002025047804549894,0.010928930577833881,0.0223173425389932
1978-12-01,-0.0047201887907046495,-0.00716804511029359,-0.004194364006091951,0.0001292486628979442,-0.005770698087284929,-0.008322571791780895,0.02751034033563452,-0.014344675931296624,-0.008411963253070802,0.011351154523025597
1979-01-01,0.05486979764478253,0.047372157705312334,0.08700104239921394,0.02981712700743773,0.034765438668176545,0.07528329812535552,0.006682311960237084,0.030270794282766855,0.04644369298029628,0.0377000957838117
1979-02-01,-0.08182425449797145,-0.043530618624373255,-0.05166552096445192,-0.04803144924897553,-0.047317475404789144,-0.03678052150952684,-0.038762762036639635,-0.02935332191074342,-0.02688756212100269,-0.034171249899722596
1979-03-01,0.061637207024398614,0.07851784382236285,0.10767432239437365,0.05333556423868625,0.05508249778496876,0.07486137228819209,0.026210772027366894,0.027205938427243857,0.04279671315683233,0.0517091745265224
1979-04-01,-0.02791030019327394,-0.0013528668540708343,0.015338806148811175,-0.008499900985853875,0.008926831984320757,-0.010989959550532571,-0.015939939780584632,-0.004921619832621486,-0.003305403016804976,-0.0013677588309671
1979-05-01,-0.042316555640193904,-0.03951830684560666,-0.0688294325216946,-0.026091284913196483,-0.030075379041196466,-0.027278389227004346,-0.029212402993615508,-0.030652556821951366,-0.03585796190853918,-0.022339109271114398
1979-06-01,0.03426653735116022,0.06663492806021389,0.052112448091574656,0.01699993762733369,0.05534915119329637,0.0640669465484072,0.00046506989770256357,0.04522355832313124,0.033503956884670984,0.0352805253339433
1979-07-01,0.009493629152631735,0.01846792507339271,0.03260923429032298,-0.002460768837993446,0.013218609801647954,0.018521079672656787,-0.019148204983917116,0.003671971747403576,-0.004513706113603508,0.0069083071000926
1979-08-01,0.04855341112455101,0.051152132868746564,0.09228568448283268,0.06025449543046964,0.06634137915541766,0.06927454098911394,0.0358972544951149,0.034644640482791964,0.06126866639238232,0.05703214853525031
1979-09-01,-0.019020418598223864,0.015360982503250341,-0.011621433852486616,-0.02431201452319766,0.006085987219429753,-0.013749339773823149,-0.024096202745926505,0.011002934037609992,-0.0010051797372511318,-0.0035032194431778
1979-10-01,-0.10532542873778067,-0.10398567520429775,-0.12269748730694333,-0.09055829980819384,-0.07776231683391868,-0.09892837475652196,-0.06824950664667563,-0.06425639159393914,-0.07763641856013588,-0.0712275894111955
1979-11-01,0.056269543118936415,0.07023938825821288,0.09801919667250955,0.02156170093232264,0.028222908111743945,0.05525624085486782,0.033310457435283256,0.021443554353783187,0.04020299016932286,0.047020390183379904
1979-12-01,0.04205460769679367,0.03750586682748534,0.09407249537978936,-0.004180542660214805,0.019984492151611723,0.029656470459808085,-0.017322151153149435,-0.012262694234286008,0.006256367133350352,0.0122747953372198
1980-01-01,0.08269739952038588,0.11303265655043418,0.14898320846656948,0.013889318134231093,0.06698191872945697,0.09266679050874863,0.04152001169343113,0.04969459650153897,0.05935893870613055,0.061991664936177394
1980-02-01,-0.05162612066904209,-0.01757128860612816,-0.010995714350054892,-0.029645309486917196,-0.054179862862401035,-0.04508409426931532,0.021634142782712723,0.04336369066725966,-0.0285025069148286,0.0051737995014427
1980-03-01,-0.14483960438080803,-0.1333923098913094,-0.1851524229554256,-0.12763617252815868,-0.07052165384530061,-0.0768871001088228,-0.1270988622873488,-0.07087913072499212,-0.06899886556793615,-0.1023676181299391
1980-04-01,0.0010005617560051965,0.03879956521492704,0.0017433385200743765,0.008783769069014326,0.006922255378518469,0.02122243970346841,0.02067579176746305,0.04129944712059201,0.0445265878822258,0.0336952774505677
1980-05-01,0.04195595298581425,0.08623498736344698,0.06994564199265939,0.040745013587972626,0.05822482273972412,0.05809187449331508,0.02797358344011583,0.04841921522550301,0.0521122350705744,0.050556765307211295
1980-06-01,0.014576454728263287,0.017730444320708305,0.01366868482887434,0.031658352264673485,0.006482996992863459,0.02190207421890561,0.020278239886148082,0.018050462216387522,0.01928808604409312,0.026959853372668402
1980-07-01,0.09271110614348316,0.09499502696791393,0.12869925403994523,0.07257817742183181,0.0933499384129454,0.07896947434846137,0.05258138100652261,0.03898790969657262,0.031769706298690116,0.0685359098777581
1980-08-01,0.010241164197124182,0.03711508764330819,0.05456622187304734,0.006879118694598069,-0.014908454730732029,0.002589322143172478,0.007698157760494674,-0.01582699287780062,-0.020844641708966712,0.0103202031020488
1980-09-01,0.017534499341315977,0.045857256833599945,0.057638802843350496,0.0411792672280811,0.012417578798086325,0.006156120914892885,0.016352437198285663,0.004634416879976143,-0.02066686221131416,0.025136904698294202
1980-10-01,-0.005879545166936931,-0.0064952880413156455,-0.013869027761271682,-0.006037147628466365,-0.020750787838580947,-0.032163278044058705,0.030221902286054217,-0.012148456392432033,-0.032429495121834184,0.0145567944059491
1980-11-01,0.1328587627568813,0.05733817578422819,0.08537163136679989,0.13972732378574632,0.0704596668238832,0.020766175102392245,0.14440645179073194,0.041570295126931014,0.0032417911977182037,0.1153264108202481
1980-12-01,-0.04418047878526856,-0.060681136082455484,-0.03501091608750669,-0.07358907151190802,-0.028058807187216317,-0.015714431248504954,-0.09154841749401234,0.014321823664628933,0.0445451731241487,-0.036257219754625605
1981-01-01,-0.09735672759317174,-0.05878754689726299,-0.04754790220346022,-0.09766033519610273,-0.01913804414707762,-0.006373351480643096,-0.08532840270132733,0.014732361329821302,-0.021768239603823743,-0.047392277227367
1981-02-01,-0.006626390934714123,-0.007539169280034636,0.046158825877925,-0.012293597355831146,0.03303552866952171,0.011227249315763396,-0.0026241363328924835,0.020359214146690147,0.007489259752535591,0.014541557238330498
1981-03-01,0.07746902668794814,0.1309650901864437,0.06954364890570018,0.025807305774480038,0.039090469994996976,0.07930338847509479,-0.03274787536069696,0.02986262849563172,0.04213615293999408,0.0351322199960523
1981-04-01,-0.047812376440136625,-0.002239651698875158,-0.033354069059139596,-0.03223605051328727,-0.0313207664994635,-0.01758767186943487,-0.06427422258514504,0.00979169436144274,-0.014204597407799325,-0.0226543818419301
1981-05-01,-0.015106663487256904,0.012891229195281836,0.008043280701013414,-0.01011732730342937,-0.02925662037526555,0.001317481665070959,-0.04780516289008424,0.024059160051030797,0.01654336902783645,-0.0007906803118479001
1981-06-01,-0.05407882416959489,-0.04923086247307677,-0.028058757975474885,-0.03217227605096132,-0.03503074797312314,-0.04085081505316848,-0.014664425676843524,-0.030451352077695584,-0.02235069687662882,-0.0159008537194604
1981-07-01,0.024280065723186313,-0.04008265912964547,-0.05429770150041502,0.007007273580752928,-0.06791260386053569,-0.06295570376008683,0.004746336520230239,-0.03806927101970671,-0.05812253010064077,-0.005555741346139199
1981-08-01,-0.09556756240918776,-0.11050553533094357,-0.0981689813207627,-0.084993360292018,-0.09113668429440713,-0.0722373591769087,-0.0769651576888066,-0.050646375593906015,-0.07794388277418351,-0.0655085019896679
1981-09-01,-0.08552275464463378,-0.07274251905262036,-0.0954326716498159,-0.10591513998921415,-0.07559748137230446,-0.05538447614838739,-0.0914763347414243,-0.009985018274226149,-0.03858522792282357,-0.0571122311844812
1981-10-01,0.1267556831442399,0.026838199074657912,0.06578030385320964,0.0627860842864008,0.016086008306101747,0.026677040814416096,0.009597739644462873,0.02074242822052884,0.047249941043869065,0.0491197707583172
1981-11-01,0.021687632565091035,0.01860031316910847,0.047879004631482217,0.023826163068140886,0.03127247532146246,0.014814794712899829,0.04501675835204055,0.01045601463992736,0.0010889017693969938,0.0365116756309199
1981-12-01,-0.049935384608004084,-0.040887410876000646,-0.05426933817392389,-0.05544609055842486,-0.0268362664799252,-0.041593660513647004,-0.03676073034327608,-0.0448179630238058,-0.03574026290046478,-0.0333776938740071
1982-01-01,-0.05849516303715706,-0.038049184094076885,-0.054367040893873,-0.05018390495220155,-0.052433404007392416,-0.032756009492884666,-0.01253907367477241,-0.0004712971648714922,0.0056570012978140564,-0.0177725240057384
1982-02-01,-0.13922011722217315,-0.05811531751873937,-0.04814001069231351,-0.1028103783509778,-0.04609928531398851,-0.021834684380280384,-0.059135917132963844,-0.03732235112221803,-0.030065814180720518,-0.0540628514154994
1982-03-01,-0.06367975368249497,-0.058874842042433234,-0.03602307808758237,-0.04369504041696376,-0.01403040948560392,-0.02131932430356665,-0.030229054946016153,0.004225513018560202,0.03341342349942206,-0.0124077059271389
1982-04-01,0.052933975800594994,0.015614236529272725,0.03848836232946154,0.025494699236129084,0.02864992097611175,0.03917096638526763,0.01705067119013013,0.00011491468236765612,0.014625493056581484,0.0332042914486766
1982-05-01,-0.06081673311063304,-0.09210061216463529,-0.08306154040500835,-0.05014736762655898,-0.05727053085363471,-0.05887564445373786,-0.0266206671456631,-0.04055027189688182,-0.04778416211201262,-0.0362510207168254
1982-06-01,-0.051351559136088666,-0.03407149699400198,-0.0004520253870813895,-0.03207048485468675,-0.0319568450633356,-0.004864384451133349,-0.043983627948634786,-0.021147827266830642,0.0027845726472242663,-0.0199866128744709
1982-07-01,-0.07033132351470966,-0.024499801837546013,-0.036685338507985166,-0.05991736744364738,-0.01860246109272686,-0.01766339239228286,-0.028113014704423227,-0.02057385033670501,-0.04716498391779432,-0.0250935292938965
1982-08-01,0.11175777635950135,0.15238957908574907,0.14886306808370867,0.13089892229481603,0.13617304091913074,0.10341573503552667,0.10608209974956971,0.10267337945730655,0.11528748328091723,0.1235411797712338
1982-09-01,0.005706335975579201,-0.046274285216838115,-0.0012760310127146665,0.008869604399677489,-0.006517480425114592,0.0034855330253528837,0.007548960437785648,-0.005947818149130493,0.03125607237742083,0.008782331265745999
1982-10-01,0.1299648802662791,0.20863925365483252,0.17466415618074238,0.1044429655393253,0.12852766750360564,0.13773701662420315,0.06816526436336996,0.08728879677240482,0.12294780383119562,0.1156376943695298
1982-11-01,0.037624096604121735,0.10511293614291607,0.08761420224730568,-0.02229851987230223,0.04428790300781569,0.05932386041683707,0.035215392168028624,0.02398418538310646,0.02467286955343094,0.0459215875635518
1982-12-01,0.013644762424319501,-0.0031926753080604494,0.03915493712589223,0.013573304397388422,-0.0058860449533856525,-0.029378475675260356,0.03895896522644207,-0.0033052452454875383,-0.006737208167318584,0.016193997889145998
1983-01-01,0.0793165247304961,0.046611216905770275,-0.005675202897421109,0.05117575476603807,0.023127079124532525,0.010622514262078882,0.007970022201406815,0.05854259479232754,-0.019305800729967258,0.033952206051912
1983-02-01,0.006526265905701903,0.04550033209928402,0.06291290058740431,0.025513483176756006,0.03943824673141526,0.047071769493750394,-0.0006125888732094013,-0.005534741279499779,0.020544149547825165,0.0242136157798586
1983-03-01,-0.008089066566744713,0.014047055674306873,0.04442271426998947,0.03574557786505169,0.04843319348069947,0.07218054128985152,0.019759371913205204,0.012043653387719743,0.03847723069356496,0.0340596297728032
1983-04-01,0.043613278497374515,0.061045563385320474,0.08826135087651452,0.06775952197143631,0.06353430318448046,0.07655098291637968,0.08496238839977514,0.038269246429428486,0.0621700221562398,0.07309812016962611
1983-05-01,0.04142563175080388,5.54841542522045e-05,-0.027559904529584504,0.026005320540676714,0.006058657054101874,-0.019494026854883453,-0.04861175600119459,-0.034383589663881914,-0.04316994099364882,-0.0081072530340768
1983-06-01,0.03693502982623129,0.04335117526756728,0.04661107254370345,0.05689968771063557,-0.0007288244092671405,0.03158358532650755,0.04633887140044411,-0.029454738458563452,0.02776456138194063,0.036386697340718005
1983-07-01,-0.05740372658077644,-0.04725556760039387,-0.05951208229326596,-0.05141431887757142,-0.04302027925255403,-0.026373592072185714,-0.034401143502140366,-0.022127990824275193,-0.042859737964801956,-0.0343843932847175
1983-08-01,0.002713137978534455,-0.013585124240718118,-0.03853157976692395,0.029636776698142086,-0.007603236404814842,-0.02892732763576578,0.020686345442901412,0.026859408746614796,-0.01751051261275357,0.012854518955128402
1983-09-01,-0.020768299548204108,-0.0018945051015047312,-0.0043814647146451485,-0.02039366907771121,0.007935301232387667,0.008040269024646662,0.0024488473963452584,0.018339202979806,0.041861056035714474,0.0106861611079592
1983-10-01,-0.0695759850091124,-0.07690554734711098,-0.027361105737402153,-0.028612049776814637,-0.02459734713886786,-0.014455079841915852,-0.011863405769176261,-0.006506647071440363,0.01694875644956391,-0.0158922506155626
1983-11-01,0.03756513892323063,0.06279864096016871,0.04759179834825438,0.018800880300485177,0.03824048808436207,0.03373259378859523,-0.026433828116399438,0.003606667530860419,-0.0006436230409127917,0.022054912090326
1983-12-01,0.002855662034310668,-0.030733226515593,-0.03301560903626093,0.020195378136252794,-0.022956815770479103,-0.02239434326389833,-0.013879631519303454,-0.04084967018776454,-0.04030351656075,-0.0097748179144154
1984-01-01,-0.043802326697613456,-0.05215905728510259,-0.05515113869521625,0.023105242051806252,-0.04485761351164241,-0.048923292589051745,0.010067869720708441,-0.025125331562128254,-0.017039841037779863,-0.0071792054809359
1984-02-01,-0.06832060176429137,-0.07104267837438359,-0.08767309348380836,-0.05640581566776814,-0.0655398083780369,-0.05521290274442319,0.0027573172797340914,-0.05153309009314921,-0.05540942838394833,-0.035006500591362504
1984-03-01,0.016342786479552666,0.02204597103363526,0.016395260564234588,0.027223356112934,0.012541267407191053,0.014486760050659204,-0.004659793485353987,-0.010093369889381594,0.007962312167573891,0.013850586874755898
1984-04-01,-0.01391559074741771,-0.034296970188342664,-0.015025399535357493,0.0020780174849286404,-0.0144865040359002,-0.014353539656792976,0.00783648280598294,-0.006409719739454546,-0.0029813957011739535,0.001872588242239499
1984-05-01,-0.08269421433410588,-0.09440227829454101,-0.05646045882754343,-0.07828048399100375,-0.07464712427076463,-0.06325880034173019,-0.061147662271494624,-0.03539273243501711,-0.04786575092453089,-0.0560968280255926
1984-06-01,0.025806316347841023,0.022326339142680167,0.01596051349264808,-0.005674128432846842,0.016724661566652747,0.0443350974668333,-0.008629543628449633,0.024007095360890136,0.03386682905530887,0.0196204894059385
1984-07-01,-0.032451345545854625,-0.028731215933493752,-0.01925403254728649,-0.04825118554287392,-0.014383817645783167,-0.021779119711093312,-0.03835577514248793,-0.013188816852739878,-0.015560662136483605,-0.017151614493888
1984-08-01,0.1279256281321552,0.11315494154418981,0.16284732592835413,0.11326191597881549,0.10628842784602262,0.09894550561750241,0.09865449512963761,0.06483873282695743,0.0768612724896584,0.1082889184438551
1984-09-01,-0.04104372051456036,-0.014103875874605262,-0.03860261610352256,-0.031705534487413034,-0.026754835804842506,-0.03452482880855101,0.0004744258866218806,-0.00030322303472891596,-0.0009298628695034242,-0.0050057854564045
1984-10-01,-0.0211835746103419,-0.021265564167899056,0.015311969806449862,-0.02701928733693853,-0.010194260127946227,-0.0007871907455593158,-0.02547382796220378,0.016924990343505537,0.0004681488528243266,-0.0034167131103721004
1984-11-01,-0.04786073959409503,-0.017222409430998002,-0.02035706589695975,-0.032115070460230266,-0.022190844243874006,-0.03368695426157512,-0.02200850022163625,-0.002111526857117959,-0.012600089843964324,-0.0150775001169932
1984-12-01,0.021362493629130654,0.031176740495310034,0.03492786022782875,5.486859869658495e-05,0.01893641392271831,0.013041486475900935,0.009397347699465892,0.01110914432977475,0.010048286139435963,0.0214228506950256
1985-01-01,0.12610947753733398,0.09884893213667764,0.11380481214712368,0.07863574812963448,0.06444929295837566,0.09580554357085487,0.051488477976220345,0.018825373114942763,0.04098509957566504,0.074122114066538
1985-02-01,-0.029447576886482127,-0.0150549189253811,-0.006044111808458686,0.005961435895860907,8.946089053080489e-05,0.007645692660334394,0.005363338553542294,0.028924255204294813,0.02503158412417847,0.0109283690229281
1985-03-01,-0.025553561671746074,-0.030254634322332694,-0.015458662301342255,-0.014181926273956105,-0.02824924901674784,-0.02662702916363257,-0.007946392125557793,0.042359952253686446,0.021772950678271494,-0.0007925956138433998
1985-04-01,-0.046134343253533716,-0.02755686601632021,-0.034628006159165316,-0.01564029289053708,-0.02431710694379527,-0.0057584453766672105,0.00474888763723896,-0.01718272770457631,-0.020449236889995545,-0.007759347633025
1985-05-01,0.061846911425657604,0.08688109349906746,0.057629245447635376,0.044200102074787806,0.06573743428738833,0.08293420597130355,0.029821950148822468,0.058642973391603105,0.07215050894155522,0.060480112903051796
1985-06-01,-0.0031019633832337374,0.011895503620992471,0.03412305795099239,0.002188496245100837,0.00700769532201712,0.010464012840817036,-0.0019484923336211008,0.023981637956915304,0.007441847155525952,0.0129201958939647
1985-07-01,0.02837873131972905,-0.006898111205647563,-0.002231636355574657,0.002942909937647468,-0.010391776156276546,-0.0269647196998133,-0.01639630905748846,-0.04422037921104542,-0.01889919776103259,-0.005787484046753
1985-08-01,-0.01803561247830124,-0.04704081468441113,-0.0192408832693921,-0.026274790180230358,-0.026655009698785884,-0.012615212623559989,-0.008670167610426426,0.003178134858797842,0.003389545856226945,-0.009687974593662
1985-09-01,-0.06474416231355028,-0.0664824757647688,-0.052871610210337976,-0.049156789707118384,-0.049767163618912834,-0.0553560533559818,-0.03211775888436973,-0.018930910581020075,-0.03477896639871556,-0.036366749489332
1985-10-01,0.011623067774048824,0.03863054734978435,0.06137508347794166,0.007172569497825975,0.055438511788928474,0.04361794959041413,0.041160050321782625,0.037744324823060914,0.03853109486977485,0.0424831661079368
1985-11-01,0.06516691425280435,0.07324569053285311,0.07776560714557153,0.07084730886988513,0.06481517124790928,0.05316186674296064,0.04414833756634161,0.0714557206931302,0.058660307926138806,0.06936949190247711
1985-12-01,0.04270332807109414,0.03885645022861594,0.040138600844925314,0.03450621545411438,0.03942246103608075,0.04385096746284037,0.038322283214363304,0.039296814278638285,0.032969533406511584,0.0445709538639091
1986-01-01,0.012740217748347965,0.020580830445269212,0.029315835331027676,-0.01615396829461288,0.025998361339530325,0.009673202775405558,-0.03827265788414947,0.005861393981723837,0.01735720264825696,0.003622925298524699
1986-02-01,0.1091462036786352,0.103228829886275,0.08160888972784348,0.04550561773575995,0.08202483529413444,0.06516269112162706,0.049032720109424756,0.08363611294492894,0.07275068756086793,0.0756141458602502
1986-03-01,0.04465035463527192,0.05256831755192992,0.06254268290457149,0.037131476086289625,0.06458164756548695,0.04756782834995395,0.034744477867772794,0.06470550497843747,0.0408526942873863,0.0535558381913972
1986-04-01,-0.04524046047601281,-0.05530473622613155,-0.03900570401379744,-0.018604742686875564,-0.010625477576778897,-0.021915988909162656,0.0066883561102084495,-0.017559030745746697,-0.051408304571456315,-0.0143048690520396
1986-05-01,0.03796363211673559,0.03557634621374153,0.061720592481748826,0.058874719032832507,0.06206800888558843,0.04505323635590883,0.03810218413818306,0.05627524529271363,0.034615148074596674,0.0539276505684815
1986-06-01,-0.02474249284339586,-0.01238074829108331,0.009962664745684292,0.010881387687544278,0.021511560483604544,0.027160404459144773,-0.008763679119637886,0.03267825176668421,0.03414237843302144,0.0155477676200809
1986-07-01,-0.08405343800094497,-0.10007206758460621,-0.07523084679867119,-0.08311731503677765,-0.0631185544760947,-0.07912404881361157,-0.05571808168258874,-0.04288757261083394,-0.009838500650117332,-0.057514029334667496
1986-08-01,0.07653492709916682,0.06875508590863275,0.062252073640701726,0.07151295532370824,0.04782412924774418,0.050122090380336645,0.08999361608001705,0.06444183440454473,0.04947967179277885,0.0739229699096896
1986-09-01,-0.10843493953408145,-0.10455651984290125,-0.05994734403801742,-0.07344395612303795,-0.0972560757340486,-0.07588452401003819,-0.06919394546138281,-0.10980492538844087,-0.09765436802747986,-0.0829653803375735
1986-10-01,0.05917825175026869,0.08766138312220328,0.06271197575002027,0.0503033486192101,0.053820426621790735,0.0668569755084206,0.019833176245372598,0.05858028851184998,0.044575463497938644,0.056794358027929
1986-11-01,0.01890392996060632,0.014021676238017707,0.02582391987376352,0.028244661898533294,0.015856178168434966,0.003670275689810944,0.02644413993026739,0.022671812938365718,-0.00863269102092253,0.0234880484235452
1986-12-01,-0.05062855617505134,-0.033008889229637524,-0.052434854661814904,-0.027933211828428686,-0.0327400930746592,-0.03643388272220119,-0.02881671722228759,-0.03418977444018505,-0.041608578721071786,-0.0298151315084636
1987-01-01,0.1684333223154049,0.1438677277189538,0.13459508449315288,0.15958931666223167,0.1440597530470574,0.14697521893760743,0.09889853071981834,0.12244334223808599,0.12051650329491947,0.1368462328198209
1987-02-01,0.05928916202649981,0.06123179319241531,0.03702714199959216,0.05049525083601615,0.04946608053228126,0.08063878538907526,0.0064992345072278565,0.01227779433084882,0.027517467970838587,0.0425002067723976
1987-03-01,0.033582638025210415,0.004647322921479829,-0.013391352393739394,0.013355642020755017,0.014337760504170224,0.018483406989293336,0.022794197137427974,0.054220540730364364,0.01882923950498017,0.0264949436957387
1987-04-01,0.017656009436284616,-0.02435971511657871,-0.010019812702746886,-0.010293077108689305,-0.023596101276588014,-0.02763810878444818,-0.009279439295545543,-0.026650222394055924,-0.00918980624195507,-0.0090447250103497
1987-05-01,-0.010201637334438445,0.007059795354783568,0.013146922414233172,-0.008299494411316447,0.002562733182852163,0.016390031766219313,0.002993022967877208,0.02230078867665531,0.019823230881161346,0.008860022296087301
1987-06-01,0.0285472807414658,0.03673789888201566,0.05042383072131825,0.033566853570307066,0.061557629988537366,0.04633070863517652,0.05004420510358156,0.04586518270651795,0.02199707786105823,0.048009333106037604
1987-07-01,0.04789572401957786,0.05559494062169948,0.08023247455291818,0.05237883130094021,0.056695161142312475,0.06602760152621559,0.022796490221882668,0.030716753710446944,0.0561559685417749,0.0496595170432789
1987-08-01,0.06365024337369189,0.024465162905429952,0.009372935348059549,0.0395547818105325,0.04095783694613775,0.014878900992723081,0.03767887398572818,0.027303893439651474,0.00015888962288682085,0.037784279023442696
1987-09-01,-0.023334186503955887,-0.04924664501146793,0.003126843671868695,-0.01894397272347911,-0.03842614108648304,0.010372063390652702,-0.030401441703798517,-0.03203439806077589,-0.027392473394076137,-0.0219733270110411
1987-10-01,-0.27322230938149866,-0.28380960521758447,-0.27085290305497794,-0.25244409883031493,-0.21661099969447817,-0.2866131729595127,-0.1502249039770592,-0.15196105721675818,-0.25634986838607243,-0.2114510578651993
1987-11-01,-0.09698912568945742,-0.06164464708337136,-0.04044683090625363,-0.09159978489027015,-0.07544406844992005,-0.07678539229214319,-0.08810992594721334,-0.09969625267152714,-0.052560581736447606,-0.0804312462401081
1987-12-01,0.13515338307316752,0.11624673460479994,0.10392603638653848,0.07786576045003492,0.10082636982504099,0.09245006162081883,0.02890372202736005,0.04409819842472992,0.06510486172063618,0.0759810110553003
1988-01-01,0.02069744305998569,0.03415533458321923,0.03779220672147705,0.023326039271296062,0.028694065415012834,0.049926746299396564,0.07997962465015634,0.043377660898465724,0.04732337994673673,0.0479671821468364
1988-02-01,0.07754186748588299,0.07294851601053015,0.11198193210122329,0.04253162336648713,0.06109043722686732,0.09311843981281598,0.00017658737808836852,0.019697557265136355,0.06217277252968131,0.0469927747823985
1988-03-01,-0.0522656972675517,-0.01853787991196913,0.0007022825660143207,-0.0542300405772317,-0.025474654602750967,0.01309127750013293,-0.05029600477804025,-0.04399480736423092,-0.0028050029545739954,-0.031020677450114702
1988-04-01,0.012650148068449656,-0.007502137390958763,0.014304302444970978,-0.016938968241107667,0.016090532625465153,0.005652681709456896,0.0016490751157807997,0.008144944781894408,0.018466130218051793,0.0084949597197263
1988-05-01,-0.01737433698786249,-0.017681262588681867,-0.023173637265793696,-0.004637845649741625,0.005965111852917541,-0.005239158420074541,0.02258311520945664,-0.006552117503643066,0.0030482056645389655,0.0054016977452527
1988-06-01,0.08503431246281953,0.07044500446006573,0.08565693169413441,0.03469491921133318,0.05120853580011241,0.04512111151302379,0.01824131875438713,0.027160746361169642,0.03155345754525009,0.0470215570132146
1988-07-01,-0.032512319983590596,-0.003550192243677872,-0.018693913229871798,-0.017996420587099698,-0.020811462619404655,-0.02734497608645299,-0.001146648762949511,0.001845232109897595,-0.020377933904318052,-0.006799704062362201
1988-08-01,-0.07315390908131751,-0.036619422211395664,-0.04944827120618543,-0.04077181401749581,-0.04626810479921285,-0.06130154899010027,-0.028563907536057934,-0.03483256575068359,-0.036994562562342015,-0.0358971844574142
1988-09-01,0.02908457850823105,0.03836692351981697,0.024214801926805828,0.061968732801532034,0.026345125378682503,0.03166937907069733,0.02796555462229287,0.030681939405894528,0.019141433960089216,0.039343807017434604
1988-10-01,-0.012873498712902179,0.004504008866034439,0.013508938082665596,0.03574992440804659,0.03658122972363973,0.028499015426997634,0.018667094501713145,0.038887539413855234,0.006325139163811871,0.0272733380626485
1988-11-01,-0.04183388717606195,-0.04156196578722519,-0.025231867330822833,-0.014825268031991811,-0.026847983228827085,-0.020700974608084333,-0.023772143897195126,-0.015283865930510357,-0.02490344512980166,-0.0187947618918921
1988-12-01,0.028137033339092912,0.01693627502595805,0.032750599387658785,0.01321347104629796,-0.0012515820151817458,-0.00040239225841340494,0.0005944086119963471,0.0016900381279511094,0.01518080353700528,0.013992494129512
1989-01-01,0.07488572579540416,0.07030113590709847,0.10338202292625338,0.0621609048850174,0.06794983608661884,0.07006797764910037,0.0507315320358028,0.06226491053588582,0.058827766813802355,0.06924363381333999
1989-02-01,-0.05141412594766799,-0.026512447510796226,-0.019934811910746822,-0.04533199231660909,-0.040702241559455836,-0.017971767393389473,-0.03938520890539886,-0.038583702114862214,-0.00464207110869298,-0.0295989971191812
1989-03-01,-0.01933613698762424,0.004038538766425817,0.012344011511536402,0.032557063897287804,0.0031935122113375828,0.010849451311315338,0.00033472603938371724,0.03749788665857191,0.031176180520167584,0.0199578632684592
1989-04-01,0.04145098282777904,0.038583849964919203,0.030114341587515806,0.04852749489954276,0.03209328071450779,0.04538419529853958,0.041715047629696245,0.04012857305678845,0.029815999180345793,0.0470443564175927
1989-05-01,0.04511716143998269,0.01576673452828571,0.026251052848783502,0.048171539741553665,0.015459210996913157,0.02615455927665682,0.027600084199173553,0.012547095991826702,0.02703285733322922,0.035770589195729494
1989-06-01,-0.0316038990551067,-0.020758121306266444,-0.022541212250296084,-0.02616288007248342,-0.011262788219419355,-0.04629889865872466,-0.005522505207687824,-0.019086587187450727,0.011096946239885708,-0.0100328541853039
1989-07-01,0.07155515715103405,0.08912436198363508,0.09020155773033306,0.11185361855657505,0.08214761216862168,0.06101521839517541,0.07080306726777266,0.07442928630010123,0.06021148405920799,0.08703485760084029
1989-08-01,0.018610945974739924,0.014739747467308578,0.05440347487658963,-0.0006232448065380831,0.035272146411473984,0.06290561818061828,-0.016738561219756483,-0.012063216460667554,0.034840734989335806,0.0160855957349744
1989-09-01,-0.01623871786948016,-0.04671139650006277,-0.047628662374251514,-0.010066182648523835,-0.04326203497394633,-0.03214712330429637,0.014232447779634323,-0.0023378629560310404,-0.03278302360138894,-0.0071385197425632005
1989-10-01,-0.02724258529672153,-0.06416911966013096,-0.09608434222758033,-0.037958684172635315,-0.06627009406142624,-0.058956953393897504,-0.0014583281808389949,-0.020047739408780005,-0.03558177702811615,-0.0258555520709867
1989-11-01,-0.011009374041513968,0.001677811161927575,0.020905744233986487,0.01145290361253666,0.0064229454271196515,0.011379428074846574,0.009494856202454556,0.018125830173368128,0.010452289450695783,0.0164916276680591
1989-12-01,-0.03238925146879729,0.0037449117130860625,-0.003021248521355338,0.017655623452531508,0.012897045410441095,0.005394161366315316,0.03820452018281339,0.013393722649975454,0.007464861886649046,0.019894273524270797
1990-01-01,-0.06272934972426505,-0.06798916876407265,-0.07092587288707729,-0.07524270353668171,-0.07441305697297625,-0.07495463020960166,-0.09583741898861306,-0.06361067365875668,-0.06428363797062313,-0.0695921146360423
1990-02-01,0.011492128277774193,0.01701392770184998,0.05379599712345483,0.005434670877676633,0.019399252162387443,0.00287850361616187,-0.010173796292718317,-0.004932561674904018,0.007827245254012856,0.010229423362423398
1990-03-01,0.021761981531322645,0.019618249404760667,0.05560218040353784,0.030195269833647783,0.01638791030728189,0.005768085880573564,0.005031639304877214,0.01757230728911125,-0.0038552693795494385,0.0228328381080492
1990-04-01,-0.028683480331573506,-0.041783522754783003,-0.053935397681933644,-0.02052341699200462,-0.05196603354479076,-0.0674646924940189,-0.043101214457856266,-0.023887884585630247,-0.033995776923795656,-0.0287177976560777
1990-05-01,0.11601952291424933,0.09643895043355331,0.0851255696956326,0.08817581006986625,0.08121705165717245,0.0981956134871513,0.0767703046106103,0.09119012311568006,0.06289462038569998,0.0937204401948316
1990-06-01,-0.004778716151832327,-0.02650602152883987,-0.04275437125599693,-0.01628059196955381,-0.018071979673671204,-0.03750231084596153,-0.02568569847383392,0.008259032296379722,-0.039464519077902216,-0.0100718908633835
1990-07-01,-0.06498031820944804,-0.04075638068795767,-0.000729228770743523,-0.01175963689943113,-0.03627709446063991,0.008231009278810028,0.006057625083495492,-0.006716465437758411,0.009214780189370074,-0.0053700896228558006
1990-08-01,-0.13415529575135138,-0.13372938367511056,-0.1482715419263409,-0.11493689771757717,-0.13290554497699922,-0.09337036953683096,-0.08505154350068479,-0.07489625862955182,-0.07518274134132044,-0.093753847913953
1990-09-01,-0.1065413604690223,-0.08633225690047285,-0.08584755576367306,-0.08314202928746137,-0.09717335062840615,-0.07441010302234834,-0.034620512546285565,-0.005333607141593112,-0.05835129707869057,-0.048593348710399095
1990-10-01,-0.040112429498715824,-0.04436283394810443,-0.09057414742502387,-0.024061485032395878,-0.03530863290736799,-0.05023749707272334,0.03184927649426059,-0.004722579338436051,-0.06412058209622823,-0.0032232737088286004
1990-11-01,0.07156882978975446,0.13021066064841946,0.16956843993464213,0.059799261750260346,0.07265525470748074,0.12227108937633681,0.04071810761279005,0.030227466064438765,0.04837397350104426,0.0644774165816864
1990-12-01,0.04678892372434571,0.06606498903798702,0.03509849825921308,0.01196559554373705,0.020989925065099564,0.028699620475604454,0.010077350904927456,0.011627480356760677,0.021707383609322235,0.025101105182556503
1991-01-01,0.11865544044982845,0.10460991354662956,0.12140944093003227,0.05954715883761166,0.06465850686840104,0.10971181659699092,0.005956570199551536,-0.005374663951328581,0.008598554540534705,0.046256023557126894
1991-02-01,0.067694890932955,0.108488730081179,0.15651610077099623,0.06338924684186391,0.05524996404972128,0.06629621292222998,0.05111227864404998,0.0667689960209634,0.056535711381416706,0.070642414262112
1991-03-01,0.016850678446259114,0.017094181116286807,0.06877725083138492,0.02492864515418182,0.027404419531875703,0.03384879156403166,0.01042830711751062,0.016104144618183283,0.012655321541311281,0.0240823140346421
1991-04-01,0.01689985310871999,0.018007927521502674,0.03136272982904634,0.0016515382870616636,-0.008158825388920309,-0.01250245019095808,-0.008322396124875408,-0.01942891638460765,-0.018525292302539294,0.0004118768804802003
1991-05-01,0.07563218815410012,0.05888312955118856,0.06657776809665322,0.045398654829381796,0.07469521055056702,0.06714709236767233,0.001301318735327947,0.011219091125573677,0.0360856770603846,0.0423502165900895
1991-06-01,-0.07652734837910209,-0.08175672080081035,-0.07577053840741739,-0.055308150147387776,-0.049314451910642126,-0.06997672425642004,-0.03285796533843671,-0.046800125894871696,-0.037918716713053996,-0.046697121366225
1991-07-01,0.04369109739388989,0.03900606465296959,0.06814614628462493,0.06090738499142845,0.02624683122116827,0.013152238113614519,0.028323535012771336,0.0461465845509907,0.023814774136514165,0.0447917562455337
1991-08-01,0.023955673819088842,0.019771823155893608,0.04173089663049933,0.03084828546585895,0.013594466816608003,0.02115895713205541,0.011024782253358182,0.016856070022866418,-0.012135376862558576,0.0226037768715091
1991-09-01,-0.029146924098771385,-0.03419063284082877,-0.03366827072395251,-0.03661575156604323,-0.04594489410380673,-0.0361427978063173,-0.011477846896635346,-0.0016287211989439426,-0.012269086918622763,-0.018405993553269898
1991-10-01,0.0029750271505494443,-0.003764710196725728,0.01775639315272421,0.016320122387951087,0.010785964023123647,0.0029670885493775848,0.009973328889452095,0.007718039658760049,0.005429631598106953,0.0133264878841735
1991-11-01,-0.05248778443150559,-0.06421699368898633,-0.06854817399692983,-0.008829180737438732,-0.07986516627390791,-0.08046808880967607,-0.044340852013397734,-0.039457493048211695,-0.049780488625460084,-0.0400127208419939
1991-12-01,0.11375990388225851,0.1576348305927518,0.14495209199478498,0.1410917549713547,0.10891798027188651,0.1097274946438989,0.10519141325780425,0.07166341375988956,0.09625641334327756,0.1158031839039732
1992-01-01,0.02489126130906546,0.025738302957887885,0.07079025403303284,-0.04710554932942379,0.02134093946997876,0.06113880860916221,-0.04762054940202426,-0.04775964871139679,-0.01454997595052914,-0.0156053336184598
1992-02-01,0.02436896016492053,0.08034855862519366,0.061054923808027864,-0.002222545575345217,0.014185867322794168,0.05044135877373465,-0.010968676955788664,-0.0161743975884159,0.03666984008946718,0.0139884457473024
1992-03-01,-0.027458006691368192,-0.016362167372395056,-0.03772232737415387,-0.02740362855927351,-0.026077454776210398,-0.004142169167106921,-0.022674326195622655,-0.029684309899966857,-0.015783351141165577,-0.020349655532928
1992-04-01,-0.002219286847873609,-0.005380451024770486,0.030423184997350236,-0.013665044540799047,0.028081982958894317,0.057988650439034714,0.04666208189635779,0.053149254486623915,0.059672538646765354,0.029807140434455197
1992-05-01,-0.0029141906672245288,-0.003964156227569786,-0.01001501229109052,0.014625596893535462,-0.003020224062898715,-0.011416972998331505,-0.0053055769446492896,0.013219089646286895,-0.0076968875978379505,0.004154420978158799
1992-06-01,-0.018653239449981377,-0.005550520114084863,-0.03204250188722025,-0.020616382151241293,-0.04498598449555167,-0.013574469017199081,-0.014858848357166339,-0.018532806407458958,0.003731202356407524,-0.0141979248036473
1992-07-01,0.04711685375936778,0.011994652950783495,0.025524819662659466,0.05592565128801433,0.011068388157948986,0.029705473566058058,0.057381141940853295,0.036186271013157266,0.0011425486099627146,0.040387412767543304
1992-08-01,-0.03289063701021535,-0.038286351893862605,-0.08082232872738425,-0.013550866024141623,-0.04518826460281657,-0.052981638506118076,0.0017147145869742704,0.0008754148849557074,-0.05026035142445792,-0.0204126202270946
1992-09-01,0.012374029496825367,0.03294235828805483,0.03789461073001515,0.00795263120491189,0.018027583008393494,0.014869897868858726,0.0027077043342767504,0.004280998537592156,-0.012008047921421825,0.0117840050305274
1992-10-01,0.025856979817371454,0.03578392815922993,0.0514719918347253,0.018346362284096196,0.01036371722361,0.016859506236654782,-0.01878045113626402,-0.026084896424904476,-0.015040766465258718,0.0064883584482001
1992-11-01,0.05317141103195487,0.07112869353061942,0.08221449779856047,0.026194619368751677,0.030061423783297358,0.06512389256541547,0.005886339881996907,0.014300658484280769,0.03368690446455279,0.034501299257633
1992-12-01,0.01952901369474373,0.01882449975641449,0.03161855073375994,-0.006293718575675107,0.020448834256411537,0.012786722026556875,0.005167587096956234,0.010276217399016803,0.03245428433792155,0.0142782715957047
1993-01-01,0.006971198393743673,0.07095947334696126,0.06767901759985709,-0.035091751090357434,-0.0174949354847617,0.028753001215118687,-0.010407241826557449,0.020144064391342427,0.03507759780575076,0.0093677640778957
1993-02-01,-0.01781087477629385,0.010544111701989493,-0.007641334957470632,-0.014177639540199889,0.006739527405426871,0.023809392956156018,0.016427151887083335,0.052975075981339034,0.031892021803670796,0.015483903403748799
1993-03-01,0.026800006006325518,0.0269968788967496,0.030084181370451966,-0.0022677944263958575,0.0368096533090462,0.039441985782728076,0.0117027160397342,0.014975583026303642,0.031095575949962668,0.0215978974486058
1993-04-01,-0.03657844180080008,-0.030687406878004496,-0.03561022641716094,-0.03999240766755636,0.010229251139163684,-0.0031276655743338556,-0.04211345883145791,-0.007393200329452933,-0.0012558109154566267,-0.0211154722881929
1993-05-01,0.02337476191072234,0.0337420850545415,0.0627667633559967,0.032503988883899826,0.016251826942509425,0.023101689255435914,0.004556550462935844,0.023867204385586985,0.026106717044965994,0.0267649639111163
1993-06-01,0.00014918214837907496,-0.0016037877256244752,0.02035945522600344,-0.02856374305883543,0.001929833663694746,0.01827471375518108,0.011528092123395797,0.010885065255384435,0.00792328780368257,0.0053011342537109
1993-07-01,-0.010127337105954004,-0.02070349958798309,-0.008931182503388788,-0.04194340974182376,0.010204274654771627,0.026457755511054247,-0.004828505471128099,-0.0038958703967496185,0.022899817760386423,-0.0035949403097670996
1993-08-01,0.006795999750979621,0.054610636975990695,0.05254922980030436,0.031964864141385566,0.023934994943404772,0.042000670526383045,0.04237232987384346,0.030543824126442475,0.027625505440877232,0.037726804354402295
1993-09-01,-0.014576905728208626,0.005053593333232015,0.027877584669203037,-0.02361004785571178,-0.014388382784357613,-0.0007188593075163922,-0.012315624842956162,-0.007782308122935651,-0.01955784968734562,-0.0065100645691162995
1993-10-01,0.050379168482593883,-0.009547864686174908,0.001858721383077949,0.034799203608029225,0.010387107487881573,0.045931871066064375,0.011576092402709886,0.0033840970015343677,0.05753423035593479,0.0228815442702472
1993-11-01,0.016376806446632346,-0.00989209523274816,0.005493883864949079,0.01261144317398391,-0.015813156729119888,0.006188391010037361,-0.03205452825880239,-0.025081013803269915,-0.023972089620465566,-0.007530585375274601
1993-12-01,0.01916207369156555,0.017944640433053202,0.04089265231592959,-0.007172580030969012,0.02436433297024755,0.011828349175004724,-0.0021587515235508303,0.003061901972950816,0.0221932076127002,0.013341075428293998
1994-01-01,0.03016880967106819,0.04138636267193799,0.04903847906401215,0.005682661318453469,0.04018550018588112,0.05391570797705728,0.005020785297605735,0.04602766773379638,0.06913833510512611,0.035182429943305296
1994-02-01,-0.04032798058269791,-0.016165977064357104,-0.005306635872262065,-0.011096451660581253,-0.03151374400860191,-0.023394150823253003,-0.0446391542563901,-0.03696456227307706,-0.027750132029797144,-0.0255141245053027
1994-03-01,-0.053550299640018964,-0.05939441631696275,-0.047741740360478124,-0.051688163774048015,-0.04081773028307793,-0.05804612919242443,-0.03617240262746839,-0.03724130986779886,-0.046847014760675,-0.0435446223331344
1994-04-01,0.03221701324453369,0.018978547844931755,-0.008444442281395508,0.015859299088862702,0.007305471171766877,-0.020538370444424123,0.019448682600835536,0.008724063088001825,0.0054477904764244365,0.0136047207490959
1994-05-01,0.013070727717835942,0.011844161633116253,0.032959556985981145,0.00963302758922335,0.02875526487566684,0.010528972246999536,0.018454451756248418,0.0006308726730873734,0.011256090137343557,0.017263126417924598
1994-06-01,-0.013815948645531383,-0.04241528879931938,-0.030335174738966884,-0.02831979329555196,-0.03454807309310578,-0.034205124423091926,-0.01576630126823133,-0.031063298845041894,-0.03504104301052968,-0.025243065799043597
1994-07-01,0.03899767901979301,0.04603060347216004,0.03300050688143685,0.016290992668048128,0.028037120441594163,0.04221798095540817,0.029603842452918135,0.03132960131682909,0.018566478284499303,0.032613512363449906
1994-08-01,0.0474912066067752,0.043798438183713165,0.04506233598266158,0.042748778858558906,0.014011161882173205,0.04229254560200915,0.041522077236482935,0.008742428661511627,0.028615582164968956,0.0413849959191276
1994-09-01,-0.027846610303646935,-0.05412861650371099,-0.03933378721495167,-0.02109380471654694,-0.040401253444488215,-0.03989493146350615,-0.017240887568197548,-0.025607062251115587,-0.02870076383152456,-0.0245261931745221
1994-10-01,0.00422594172165593,0.03634665319999566,0.030708630131943023,0.015788638517003652,0.02400830003705188,0.01749086702988302,0.02836444509083422,0.016283081620991943,-0.045822037158588874,0.0224952988962218
1994-11-01,-0.028540860790246862,-0.055757316415552996,-0.023057534088563363,-0.028291521371323076,-0.058164911557256185,-0.06729932633177209,-0.03556528030763643,-0.04065424206043319,-0.04727010778372145,-0.037171996184581405
1994-12-01,-0.0003291706003041451,0.012448459925691085,0.002594300501950638,0.008314226146559061,0.03658254795604343,0.006993762591172793,-0.004570978249793581,0.010705787835234695,0.020698116708074598,0.012991785170905698
1995-01-01,0.015622237629692871,0.013602770185563159,0.025055896323281167,0.017236950657328165,0.0039892433871397915,0.0045111672125095195,0.032457315570114574,0.03807036704942277,0.024453775186617746,0.0251169002369329
1995-02-01,0.03282650685736051,0.040568531464309276,0.07438030903717219,0.0297474097110452,0.04026998113646377,0.0527176495961031,0.01510023072500298,0.030936655765069713,0.027984933273348254,0.037802385854289605
1995-03-01,0.025389597747856443,0.01683941602451077,0.03632341792618794,0.01786249137755084,0.007358315798826592,0.011965672077780501,0.021796419333426256,0.035961668747710354,0.027627049800557475,0.0273483163376882
1995-04-01,0.029966524344313284,0.010975944361972308,0.06709664887752818,0.031056106573341433,0.012689080872873786,0.022664693129553236,0.02513789248266704,0.016013909354497403,0.010227864821951562,0.0287028900809734
1995-05-01,0.03312141318470225,0.03415141698131138,0.026201280490141157,0.03953966365257453,0.019682663999375093,0.03521669887526928,0.0214516803505531,0.030495923412914704,0.051602822249131965,0.0369400028632429
1995-06-01,0.021060514494614782,0.02500364821254656,0.05253565354298688,0.005940055695842595,0.011083594280860802,0.037300883290477926,0.016779337380576485,0.006017726187121942,0.008174369586459288,0.0228739977373262
1995-07-01,0.021375864122757757,0.02471679486549514,0.0393989609260937,0.027485483555992885,0.02646038856902464,0.038743401867064944,0.029001593788470895,0.02169533678405392,0.012019078672077181,0.0314472337885917
1995-08-01,-0.0027395699736470266,0.027601424493808504,-0.0260465757300698,-0.008803484583927785,0.012380531794394696,0.0165961025066848,-0.02635855125661378,-0.0069968072905162906,0.0005165957646272416,0.0016841240013425003
1995-09-01,0.040205240506124576,0.017893161123275853,0.014503521552123267,0.027142170138437095,0.05718386118534441,0.015917986557690923,0.056527482816685834,0.04163479362944141,0.02019051056705283,0.041256242629688404
1995-10-01,0.00305001329944927,-0.045742930141462176,0.012112895849281408,0.0018944206929050918,-0.030098709945951083,-0.0009210855502802904,0.001973182368257312,-0.0021472254332598317,-0.022249642123111094,-0.0023544105454382995
1995-11-01,0.045519919378967884,0.02236073576699222,0.046057589337202554,0.03417784231182013,0.045705067910035056,0.07086542928315946,0.03318233919505904,0.03453479336812306,0.042829127369839154,0.0439449590757472
1995-12-01,0.007697702344057079,-0.014186941496198662,-0.0042737385510081246,0.01145380610362442,0.02126826492469939,-0.01683304791052244,0.02535516172256392,0.026343577064209173,0.007920654145895163,0.0165642934482777
1996-01-01,0.03452935978644186,0.03190194109623017,0.03194420679559826,0.029554130647343115,0.014149478493291996,0.03654562107877148,0.03692369115076738,0.023890807526105028,0.02510380621090255,0.034173968636660404
1996-02-01,0.017232128840670494,0.014420225342233292,0.02869002106597371,0.01132195432315506,-0.005617014409537657,0.0008654096007924016,-0.008308574763240567,0.005445794260293591,0.011114040526621228,0.0096432872870504
1996-03-01,0.01097105298210153,0.01857058618452555,0.03939083250616945,-0.02720068226431778,0.014058264555375087,0.025084922707320892,0.009833441405783426,-0.0006267550909502644,0.019762603900774757,0.0094410187908982
1996-04-01,-0.0023760662277825693,-0.006327214854789324,0.01587856715798387,0.008844011905913388,0.02351307822584915,0.009849758522345323,0.014387754062722725,0.006879952150347108,0.0012203318520019272,0.013862215022033199
1996-05-01,0.014788971097642344,-0.00793398132373458,0.009146137372126235,0.02338657556443021,0.027504334301133002,0.017410553848665584,0.01923016000025721,0.030895323629420376,0.017713309093781406,0.023211765268796602
1996-06-01,-0.0040306222258883915,-0.02295814823571072,-0.03474639215141016,0.005112743719739157,-7.234324106920008e-05,-0.04355050128319121,0.017469896401799287,0.006405494292668077,0.0031425468683932926,0.0032297291337614
1996-07-01,-0.04007231305487094,-0.05348620262618391,-0.06385302137248054,-0.05295513410347624,-0.037278553578576554,-0.053093301064894044,-0.04554547246138606,-0.05627533267103392,-0.0581275490210028,-0.045412976774470704
1996-08-01,0.011647491712566644,0.04180361071701418,0.03209958154827903,0.0022271175260077103,0.023065234051547805,0.04508568435121007,0.003250155473457944,0.02230632595557506,0.014564483258643755,0.0207800367385538
1996-09-01,0.04841772786491323,0.03061899992344614,0.027671690022202836,0.0613994402283739,0.06391282459072405,0.028959026820814984,0.06192553211258735,0.044772698965811826,0.024811091416956844,0.055076515481577396
1996-10-01,0.035914084030283885,0.023936287237111838,-0.006277047214187387,0.036386311001918525,0.032796576530257665,-0.002254562323454283,0.022350564931325,0.013868406461471482,0.004924737210070854,0.0275818000623029
1996-11-01,0.06940375896923995,0.10428502627857808,0.07421918808058359,0.08093292631509455,0.0703329088068455,0.058540379352724624,0.0775538845215242,0.044297578256059685,0.05776414632861972,0.07589770614747551
1996-12-01,-0.029984044169675796,-0.019231539361790402,-0.02529812251661168,-0.038391967825404494,-0.03952306455565731,-0.02425617420893045,-0.016436770454154533,-0.00809484467243667,-0.022332431169016252,-0.0209903836700436
1997-01-01,0.07664746086497608,0.052375169783105524,0.04117252348141745,0.0732588104864482,0.044224073774508724,0.016240667948888957,0.07580858581465069,0.04554077681649921,0.01460920886290984,0.0642531781826894
1997-02-01,0.013493522593331787,-0.01833559451889942,0.004494122663742925,-0.016795048561420164,0.027042551427222283,0.033839479984836586,0.00013302755508321157,0.01732612717058864,0.019529703671026348,0.0085234842126402
1997-03-01,-0.05916904292810134,-0.028531273107019868,-0.02800689017977713,-0.05373781670342178,-0.053634807275712515,-0.020916377861367415,-0.03495592235002925,-0.06056471397720824,-0.05088744809692332,-0.0424200483759774
1997-04-01,0.06548878499831,0.03548536548384203,0.03469991113153032,0.1018181207988082,0.008947795157069439,0.03615513490592903,0.057153220178980876,-0.002844005554395043,0.022601850130273486,0.0620218483607351
1997-05-01,0.06792943630864934,0.06145921358032533,0.06134298257819923,0.03652418642668093,0.06009924194590409,0.07067697369389295,0.052637503088620585,0.05637510930861013,0.07104556047049806,0.06030674576503629
1997-06-01,0.041229633762279394,0.04069350511603091,0.025213255884974514,0.05098636729286534,0.05693325958241678,0.037775684906542456,0.031383579761808,0.019194509284213117,0.05245200724220675,0.0446988084149657
1997-07-01,0.1425672707146757,0.06150859683205101,0.07689788299686899,0.07562543314909868,0.06700433808340213,0.09934337894564248,0.06167473627354603,0.05127397177331293,0.0630054959427691,0.0830715475701959
1997-08-01,-0.062346083930570124,-0.04224240694243071,-0.0344557585477029,-0.07756497891088171,-0.057031089215296905,-0.03612376284263732,-0.07666200708267865,-0.03907140989582997,-0.03288406667855165,-0.055135390278698
1997-09-01,0.0705781386915194,0.036267971417419984,0.009638437347170136,0.04752757676876282,0.01652236387075131,0.06252902228534755,0.05089524695917185,0.042785398090529926,0.03290447326064538,0.0534566999525597
1997-10-01,-0.029358102381777367,-0.05456461156512804,-0.08187031843016461,-0.03979399957579025,-0.018877206123100107,-0.02811524163473823,-0.017451912011761765,-0.04004155903902386,-0.04375510263711559,-0.030148493853515198
1997-11-01,0.053611401296637794,0.03742365513738132,-0.005820856615780611,0.03799269428259866,0.004453615225081791,0.06340995125611769,0.06730313030638785,0.051957961770165303,0.014807297049184296,0.0472401037865954
1997-12-01,0.01059607738829076,0.014533988554453196,0.005933478656947245,0.018777502142416552,-0.012612132316055872,0.009293952892983303,0.022522786341345302,0.006777751902132578,0.013686835931761177,0.017550857275446603
1998-01-01,0.02971710995561936,0.001402068481406317,-0.0009395186662383937,0.034737744895552876,-0.008802089346018442,0.0016786352996515617,-0.0035928729114568583,-0.026868967065108565,-0.01716575035018127,0.0136431687447714
1998-02-01,0.0820935687999223,0.06639663926296491,0.09931655732607077,0.054975861024905356,0.08669634675760793,0.08247284328037754,0.049870162298463874,0.061001895285064875,0.07607756005595105,0.0722082516219305
1998-03-01,0.04750412278658068,0.046768144209581655,0.06596331720196782,0.02345446089684769,0.04643848882285833,0.05154274521651786,0.06578602956387213,0.06978819169461203,0.02861094332821152,0.052563378267513096
1998-04-01,0.032715586885141944,0.002452874570509118,-0.0005845688141190679,-0.0122476333294759,0.01965193932369874,-0.008093427915472792,0.011375742584308504,-0.013005036920423218,0.0035827501394425938,0.0122902549114351
1998-05-01,-0.03241046974445257,-0.009391683681800581,0.004419980022913593,-0.010842473145807831,-0.002923612897887895,-0.00922415883725015,-0.039640360235951244,-0.014017066224908288,-0.02687532356023413,-0.017681798538700902
1998-06-01,0.0699752457579601,0.0031838403717233225,0.030974134130051185,0.0687976572922992,0.017891399403511664,0.010304029406233983,0.017488546508350238,0.03918979139022356,-0.012838006271134624,0.0436093122306459
1998-07-01,0.021522637726830687,-0.01823020381091606,-0.06726110222395618,-0.0036512284256718782,-0.045762522156422,-0.04748624250522207,0.005670930390651911,-0.05347586687565803,-0.025357909658046345,-0.0063606867870766
1998-08-01,-0.1748727267750724,-0.15526008940828648,-0.1871074413939885,-0.17150296598936293,-0.14408867568719083,-0.18619740762705217,-0.10886006022529371,-0.07469603931914183,-0.08974951518155286,-0.1371081729400159
1998-09-01,0.03029774072275395,0.04449955009801532,0.10010355506338625,0.07617145600724395,0.06431898534967667,0.021273773380794187,0.09729044937735706,0.06339285434559622,0.07435786579242298,0.0726377823927794
1998-10-01,0.11869013272122539,0.1805962377146264,0.13292966369588272,0.06613282041354417,0.09123452748325624,0.06852650316337197,0.06943273201845239,0.06493130804519247,0.06108716212545858,0.0868403420670225
1998-11-01,0.07014571947970406,0.04384295886717832,0.07636574826902033,0.07921657163098524,0.0329540553234519,0.09157665217130594,0.05175590212130303,0.04066021213822785,0.05826236898597513,0.0642881151009157
1998-12-01,0.08890329390709535,0.05010757206986375,0.01145156350764107,0.08774931378671838,0.04901357364118948,0.007790795988601794,0.047077419704378363,0.0192788217997871,0.01000583988109232,0.06581560644404841
1999-01-01,0.12004009097616039,0.07787882218540847,0.02365264035664934,0.08086933620348258,0.01620206260872989,-0.07262019211953853,0.02085808582411184,-0.025064559559465696,-0.024664135451593336,0.053504763387087595
1999-02-01,-0.05174763379475612,-0.004418044612422336,0.012861197491887352,-0.045610285191953814,0.0015384208316167863,-0.017174721248684147,-0.025248114849367308,-0.0467964367592128,-0.019938085205816705,-0.028681436508743798
1999-03-01,0.05717259136584625,0.025566435234338762,0.03946303018653861,0.05275593284936038,0.048729908053655194,0.03129828479245232,-0.016056869020517242,0.01809954674352144,0.08118439448976217,0.0482088772690746
1999-04-01,0.05608065675995204,0.08820247857889416,0.18611337900101957,-0.024922863341610327,0.05942789582153384,0.1649132725474867,0.020774874466838865,0.09867984315096731,0.11852676266183895,0.0472586342469373
1999-05-01,-0.01215249021687476,-0.03936891741100598,-0.021309905834710298,-0.04384770761699501,-0.03177519744225884,-0.019239879291162526,-0.025472386893486347,0.012774458870885835,-0.008476334682542247,-0.0210519326665533
1999-06-01,0.09896688761601427,0.05281954672180923,0.03445684641786563,0.08324803593956147,0.007845431843897542,0.005278166684626585,0.058605565715682734,0.04669989847535877,-0.04172797317015681,0.05832345919216329
1999-07-01,-0.03441751045005434,-0.056263721508114185,-0.03642734168344094,-0.021481171119971797,-0.04253891114239273,-0.010258846959390213,-0.04537603071090794,-0.019430156610440806,-0.009071192792249803,-0.028679717158428
1999-08-01,-0.008787915547413667,-0.008675026773144927,-0.028047446244656302,0.02273954506816251,-0.029362668005096307,-0.03439043773466283,0.007185792628372427,-0.04747235871563547,-0.002657721612995015,-0.0005252157063374003
1999-09-01,-0.026432669626305763,-0.04029672716056986,-0.06767565901655948,-0.02295574633021876,-0.06115060131634763,-0.048013007868561934,-0.026905307345477657,-0.003251743701544978,-0.02979535201109427,-0.0232754689776162
1999-10-01,0.06996775177531547,0.1095871798251212,0.025574045087605322,0.07994653122592611,0.013774791718655973,-0.002678759480812706,0.09785821447052133,0.027684166305872705,-0.002012965017786866,0.0741690337348293
1999-11-01,0.01892147575857633,0.056188181226763945,-0.010136405973309188,0.06510103337637563,-0.010560437469218208,-0.024905350433745935,0.012784227676366361,-0.025899380220407223,0.012046441874427813,0.029201387701447402
1999-12-01,0.06366658450088575,0.05018481247200405,0.059421613467897136,0.12954879138420128,0.017678251056542433,0.04115223736743123,0.07094302334187629,-0.009869406318238393,-0.026174462809454707,0.0875632443656548
2000-01-01,-0.062280398970584586,-0.08330617654139877,-0.04481498963342128,-0.04161718591683607,-0.055415809905642106,-0.05152653448898516,-0.00863334263886643,-0.016055723583876802,-0.04662993694739411,-0.0372497349114805
2000-02-01,0.11589933987496193,-0.09308985078620445,-0.11950472213135117,0.040491811693115685,-0.1191080908888984,-0.0759472616539542,-0.023576681416522034,-0.11845196958751997,-0.08440339954745933,0.007183622340941701
2000-03-01,0.13832413809931776,0.13073409264587962,0.1050173731623446,0.09054070111127996,0.13111916006874352,0.16702293167878207,0.10191065303193665,0.05994481504136347,0.1019238366301048,0.1081603065237801
2000-04-01,-0.02574848539297949,-0.019236280154509875,0.04901415225174225,-0.06784395562442155,-0.015259644774585109,-0.014979961722934153,-0.047634393582405905,0.057540474804416764,0.03148155892955665,-0.0212267373444114
2000-05-01,-0.02347053930211077,0.023008506758557014,0.0008346936583154413,-0.01967022837492557,0.04761883370311034,0.020572327934317354,-0.10618341116232226,0.041880194703243556,0.05076155554575387,-0.012927495245929399
2000-06-01,-0.007281667755531719,-0.11204050364462283,-0.04844608267040257,0.09283946828356973,-0.03838058717871515,-0.07515503672799423,0.0968858476386648,0.029202090496568415,-0.04733955329750725,0.039622854979741204
2000-07-01,0.06187071445697066,0.04115040168225607,0.05134106378238318,-0.03102728559549274,0.0003525240843649368,0.03228915558124612,-0.016731227064353947,-0.0548495624999951,-0.005235899269871692,-0.0063465512374978
2000-08-01,0.04293561616512666,0.06079031129479854,0.0600999432055696,0.04615470813556203,0.003482992395363955,0.056387647147380496,0.11792925991115624,0.006697023397445917,0.06330278244387409,0.0693792591994417
2000-09-01,-0.03543273101075368,0.024179078338472958,0.020096602633233148,-0.061473228836778,0.06544042264198496,0.012309134500079442,-0.15316163089193974,0.034208142473164935,0.08791406497292223,-0.0324334158299326
2000-10-01,-0.04112101831966964,0.08210602853124366,0.027771649011487827,-0.025506629007896582,0.09502829893944614,0.03732117400455588,-0.06558796230467794,0.043333540919391865,0.050864564739828616,0.004970944254779199
2000-11-01,-0.09983819098771363,-0.031010328950842964,-0.006892919031313118,-0.07904852616005145,0.0011933072861571806,-0.007643229638570847,-0.17874638977678206,0.016406499534536476,0.00570344040215345,-0.0629139869849025
2000-12-01,0.0797903108567033,0.08629708341183277,0.1050116216331553,-0.030806628960226644,0.005783559999849184,0.0642943409762316,-0.0615124472168645,0.030012284048444613,0.03152238555933716,0.0170741496361945
2001-01-01,0.09230785784807059,0.00975165773719339,-0.04967045986823844,0.06754506031628615,0.005132806335234653,-0.04641583442286521,0.19682763459477096,-0.05859092415967277,-0.08059885300797906,0.0557782347956296
2001-02-01,-0.11220027943449469,-0.011702230486318447,-0.016347973694763714,-0.05958145881963627,-0.020179639889147775,0.02407115265510533,-0.24627024262003866,-0.010466608725229127,-0.012950185737234792,-0.0712503905154953
2001-03-01,-0.06855901048183946,-0.02602522464172725,-0.03298584649667196,-0.06264991809991763,-0.03938838908456255,-0.03009421442514539,-0.10485668120676556,-0.0688584431493486,-0.03732695883959557,-0.058168622564802
2001-04-01,0.13235125227272188,0.03429461214896011,0.025050876305394244,0.10722100469760594,0.04496976023968563,0.048872079372304665,0.13764178346547254,0.020831848999387153,0.03769966193406851,0.083722838272059
2001-05-01,0.0034075184418518377,0.04701317379660521,0.025868706151112628,-0.0028894465141072715,0.01735417170957786,0.028505912582728228,-0.029854098375424007,0.01866937094156288,-0.0024651236606403996,0.0086871721840306
2001-06-01,-0.02322260731761838,-0.035895339608266144,-0.033019704813641235,-0.006271264524200592,-0.028053901708138762,-0.0062368676019520985,-0.0007002809002659644,-0.05052781757761385,-0.03363604698152143,-0.0199811511312658
2001-07-01,-0.05450554489730259,0.0081828937335864,0.021861031755992442,-0.044234698924846605,0.012783623542514163,0.0008298252557599377,-0.002510718605367718,0.03432838580879072,-0.01990469826819362,-0.0048614501963229004
2001-08-01,-0.11290036869114387,-0.04463986373381073,-0.015889402758453647,-0.10232246242998072,-0.053291061891912475,-0.02381406769554642,-0.09740902927546882,-0.02799452764881357,-0.008758486323063456,-0.059811428062851696
2001-09-01,-0.18034506553903637,-0.09840951735315538,-0.07020906405533549,-0.083246327967614,-0.0344611097328307,-0.007747338995841823,-0.1722979538203931,-0.007587951462248768,-0.04417345588375872,-0.067552775061958
2001-10-01,0.12645453682225527,0.024727255992030104,0.015165257921945285,0.07241414257325107,0.009816601263001469,-0.040558907878583,0.04570586151240775,-0.02106892201680426,-0.019645834335061865,0.029995540906644302
2001-11-01,0.16874782476835248,0.1323072475198354,0.09040498451146925,0.12707785416021894,0.050048553215464156,0.06417438309757184,0.11978571607885416,0.019534109943799366,0.006236994831151617,0.0855144457312754
2001-12-01,0.04672785494961443,0.023072112395788245,0.02897079008602367,0.006229395062655943,0.020814749402832147,0.02762863871136647,-0.012466998192309172,0.0036730739393070317,0.02615291937652286,0.0122196985340017
2002-01-01,-0.002032889032520019,-0.04912206917666947,-0.006836486694251605,-0.026680052775677872,-0.00477718408162933,0.023671979096260662,0.0072086904939991665,-0.009036588132516997,0.022350455420535383,-0.0071316072697656
2002-02-01,-0.10694454097493573,0.0008290883123878534,0.04531742487898851,-0.07219127197383306,0.02209419998956428,0.019324879432157178,-0.016338448180175016,0.028755631693653916,0.00813601500139238,-0.0115519474115071
2002-03-01,0.1346130110536221,0.061539532808930604,0.04335471294595631,0.04386541748758497,0.057508713199123575,0.06230321493010776,0.012020830528411592,0.019421588311420223,0.0348384231461367,0.0426167437717122
2002-04-01,-0.134103586639908,-0.0397351665105955,-0.015736131352090548,-0.10993040673693004,-0.0100368880616172,0.0021276422732620717,-0.08407025059323388,-0.04413799688941482,0.035319958038506793,-0.0529818287501045
2002-05-01,-0.0028895936966473433,0.020909103478447294,-0.01699695999790547,-0.02284876355225434,0.00444433697894075,0.013397217717375804,-0.012958752603577012,0.002015962461251788,0.0033492821662772527,-0.0044869308301112
2002-06-01,-0.1303099980638884,-0.062289075479919846,-0.045618577207558665,-0.07946212209015555,-0.047416888490544415,-0.025069146631470106,-0.0613046175920723,-0.055755960343272896,-0.061324760487026425,-0.0617171276426416
2002-07-01,-0.15164420008687665,-0.11860445304154361,-0.09418005810691502,-0.05385622929481634,-0.08370924751908018,-0.05585718753393953,-0.06442940431518776,-0.05717194161638829,-0.03553057340166905,-0.0655455897060174
2002-08-01,0.019522666364878066,0.0412221040300175,-0.003579072504610539,0.003062388304429317,0.007327713065719051,0.01976501021267181,0.006921001379926284,0.0012786239697616915,0.025542885128602533,0.011221990027701299
2002-09-01,-0.15890323872694384,-0.10879875121329716,-0.10721854331601473,-0.1315902672550058,-0.10183995208655107,-0.09567877216039843,-0.09474458878102952,-0.06800194374095743,-0.10417631831359768,-0.1022731879378304
2002-10-01,0.21494528611114955,0.041946751718839125,0.065109893526466,0.1481623707259015,0.05995580591785918,0.02449329792956767,0.14054643287713783,0.06947005048665296,0.05030778762835949,0.1019567026663746
2002-11-01,0.20417321079978015,0.11982724567821942,0.11416509919671188,0.10151718690051402,0.042257484206621544,0.03313980440073546,0.043525926640021896,0.00583776480654793,0.003581137481124386,0.06918607438913289
2002-12-01,-0.18073166837281543,-0.09051811680279825,-0.07339974459148225,-0.09331392734690128,-0.025519900302168667,-0.03163249145306676,-0.03976336413187839,-0.019753622186785932,0.013029385992624088,-0.05400367222540629
2003-01-01,0.002305831351113543,-0.02424064504057524,-0.03197127817279181,-0.04101184312372591,-0.020398536319035168,-0.028563021648258424,-0.0204564312935973,-0.035508700590131906,-0.014329281453845683,-0.0239248661331673
2003-02-01,0.04845990634315245,-0.030418714883736764,-0.04111279707429841,-0.0009529457871129236,-0.02010640500219814,-0.03124119678928984,-0.021908839583204342,-0.017205804439385138,-0.026697196545701705,-0.0122787220176451
2003-03-01,-0.017342667290752244,-0.003974103162772703,0.00015313945909369107,0.02052622712421597,0.0019263797236041148,0.0015368013719874638,0.03201707488775596,-0.0041733035443279375,0.024584087753112865,0.0134713748971911
2003-04-01,0.14369447788638773,0.15107216826892833,0.17491371335673514,0.09822803362647001,0.0844103283718313,0.09421361978870695,0.05773332526241508,0.034644033355497414,0.05616028456682358,0.0867619299881291
2003-05-01,0.1282105289655575,0.08789908632734916,0.09195363780987717,0.0318824784552978,0.04170494110978949,0.07919943759950412,0.010430368894883933,0.06745692331712376,0.0823166792212039,0.0579674516242243
2003-06-01,0.012101091467956585,0.009599317624461878,0.03342424045119457,0.01121584660519959,0.013725484838065825,0.04142950847301397,0.026705313018223036,-0.005286906663911925,-0.009837683035881385,0.015054470713751399
2003-07-01,0.09307408632693413,0.02679524924183627,0.03763959043514867,0.02227491797580267,0.03064124006788073,0.010080762141878911,0.013632230240132402,-0.004745089539404101,-0.005615411488609565,0.022604170055108102
2003-08-01,0.08092859446551294,0.05443180527365985,0.066858690745664,0.015595541766223912,0.02180702863115035,0.032644300266319114,-0.007118386310847805,0.01107836911517272,0.012309934688122574,0.0231019233056106
2003-09-01,-0.030871934464184913,-0.0370625865138009,-0.02547818474532473,-0.0005037737642534358,-0.014182099025286367,0.008631313350805463,-0.011774526840164772,0.00528006984543924,0.004905965665243563,-0.0082687294997811
2003-10-01,0.13350722358742687,0.09326093018767914,0.09250330291039857,0.05500071544705734,0.059952041099027395,0.07397091754628858,0.02087801057370123,0.06645933705728369,0.035994936356359974,0.060856317382828
2003-11-01,0.041880875082190634,0.009762057780115435,0.01100509264454256,-0.0022281570222789262,-0.0034184472615724753,0.022950560482677587,-0.0035407349223234436,0.013958954433684001,0.04177901403884998,0.0108545419137973
2003-12-01,0.015312253540997021,0.05250431646831201,0.09855533903831402,0.05716904664165247,0.052671723117618016,0.07036522052144198,0.06157469033383056,0.054050582535845666,0.04231696428798414,0.054632287472743395
2004-01-01,0.04727466292517111,0.012696921703520929,0.02520031540321757,0.035609680669199104,-0.0036622284457054825,0.015339643445215254,0.01960606026614248,0.0029192473844130594,0.008436789121528235,0.0223888225451448
2004-02-01,-0.01624791269985849,0.018297102309767124,0.021592572421349338,0.005562628974037591,0.0296451870280061,0.029606658130822267,0.024462907066261703,0.01665711095791969,0.03734076122873216,0.0166584921328135
2004-03-01,-0.03122939720692417,-0.006477620790452586,0.0016636693082857626,-0.024749468836406312,-0.006952265574903101,-0.006450480421975439,-0.02246492231764434,0.006618896119712241,-0.00198587580742825,-0.0136547684499262
2004-04-01,-0.0710947394013962,-0.052664880638420855,-0.028902978746977316,-0.003948813301100763,-0.0008149964320621157,-0.027066928829708584,0.012232429545363382,-0.008422042862086428,-0.003286254486402479,-0.0125048219957584
2004-05-01,0.07320214298770991,0.010537691469224958,0.024175368598195413,-0.0028950270351139696,0.015581557895247452,-0.012652297338069395,0.0030532395037948046,0.025676230189924296,0.014412579105763934,0.0154892791148857
2004-06-01,0.02082538931029683,0.01567494375905448,0.054842995146367056,0.026964916392724938,0.0219911156922261,0.03760773721047843,0.0077514901634290236,0.012315402320040365,0.026961629339537975,0.0211126088611841
2004-07-01,-0.09088173556251146,-0.04551229424719619,-0.03348942907312408,-0.023769171915369043,-0.018876954988381826,-0.031399052408646023,-0.025482302606361067,-0.004890579260881118,-0.025641459635153224,-0.029916461591571502
2004-08-01,-0.056343844639467414,0.0006076432210377417,-0.016622407868998993,0.0045128007630153046,0.014913737272986654,0.02110557683013681,0.013299817477208658,0.015556737393717861,0.02111518211032727,0.0053598860799032
2004-09-01,0.011903673178157513,0.031091973615668508,0.026841871877555844,0.005256116393430901,0.022028809014493587,0.032681101969981884,-0.010297971791595409,0.016478628456850407,0.026672731086723838,0.013486866474128
2004-10-01,0.05543254954328437,0.03719847434732216,0.012744435517344267,0.009427909107229194,0.017660519960237736,0.005221728400313778,0.008553659319929708,0.00709404447691437,0.006532178610648823,0.017705494767921
2004-11-01,0.03292247309556013,0.051482254310842676,0.061209502123201184,0.04607284390204765,0.043528882539263146,0.09662009980619593,0.008424867223977568,0.046189525300100884,0.04913766765967163,0.0422719275047377
2004-12-01,0.042037811393859856,0.028819884775965254,0.04188025438987842,0.03338744341458806,0.03567544765315129,0.021014590744994118,0.040778400754189426,0.023917524528154977,0.016497193890953683,0.0344614152265618
2005-01-01,-0.05835395233839839,-0.04206106469076813,-0.013385077248802158,-0.02960090734849948,-0.008976175418025386,0.01073987651748525,-0.028406864590699257,-0.006758652529686475,-0.0008874362186765293,-0.0220183843606188
2005-02-01,0.0030084887417328636,0.019881551424217395,0.027735868817059146,-0.004012521698807751,0.006282448959147659,0.05357369617064525,0.008002463984854755,0.07773304724760244,0.04657391143977821,0.0243466073904521
2005-03-01,-0.00923703897787637,-0.032153743156938454,-0.023479104743008242,-0.03896733019341629,-0.02279132291251981,-0.014025962165395043,-0.01163546972775004,-0.022263117197951036,-0.0007704433485196454,-0.016346671440806402
2005-04-01,-0.04379505982689633,-0.0350416856638494,-0.046707599647817434,-0.01434356432173872,-0.029448180190336657,-0.03282221201808091,0.00089636080309855,-0.015677578651143553,-0.00832619267977513,-0.0173181246212455
2005-05-01,0.06629359620267158,0.0458460912203106,0.05554338604558044,0.028451504620106094,0.020894097866604698,0.044440243251893156,0.011612089166422254,0.014430145171285352,0.023118983041221793,0.0323855707839726
2005-06-01,-0.008694575869977303,0.003968450782305852,0.02921721775689037,-0.0100242723815205,0.024125415478733144,0.019400227000517526,-0.018439181065512265,0.0056775072305430396,0.012952261331428405,0.0020143196925617004
2005-07-01,0.056038853448309396,0.06175376833842182,0.06622857817486959,0.03108996761083342,0.04633091766341288,0.04593525831011554,0.01353346739159186,0.023837630323085664,0.0385993068749173,0.0384476586678627
2005-08-01,-0.013155600026978097,-0.03616834246704617,-0.020885701248699914,-0.029889833733321488,-0.027214673577027938,0.02700263718492872,-0.013266242632757084,-0.004616941695950097,0.017784982669842544,-0.0092753236086321
2005-09-01,0.0048877031277396316,-0.0016649957048395008,0.006894500147390407,0.005703628258936541,0.0037429521738702783,0.03185673624567086,-0.02810891954670225,0.024511179683771683,0.032200600129771724,0.0082446916142121
2005-10-01,-0.013487006904120101,-0.001500426180510263,-0.026424019760290827,-0.005487062682840032,-0.010513219710772712,-0.011624531250428644,-0.0037405489625102766,-0.03671978218684405,-0.057254427213957376,-0.014492002983209601
2005-11-01,0.059888881894924674,0.0523710673198841,0.052571192381235074,0.043775487430784105,0.03243700185453463,0.023340962689458906,0.030320991805763857,0.017175272769189433,0.01232331629937674,0.0380930086752356
2005-12-01,-0.02075429508204841,-0.0030164476990816353,0.015921047286879278,-0.013008126673961397,0.008484993787079348,-0.000512946439684631,-0.0034482782642841427,-0.013955932650362114,0.014043727755515467,-0.0011963664265276
2006-01-01,-0.01754937293944841,0.04133747643374561,0.050157579060760085,0.026458001217224233,0.02628978972832733,0.06436574765447142,0.0010912330656499842,0.03358883318042105,0.0644469762913938,0.0289458740392823
2006-02-01,0.003398935715667937,0.00953376663774716,-0.010050237768095847,0.013210478690351052,0.007471706025394022,-0.027683304743727235,0.0013880423328246662,-0.0021480004775944386,-0.02296974029946346,0.0018134793867702996
2006-03-01,1.1708407844803967e-05,0.017967315032575704,0.032233075330547034,0.0133109015128369,0.007962204617369791,0.031359656688712365,-0.0007191990608083907,-0.007118012029406877,0.0036304467280676034,0.0115976209749232
2006-04-01,0.0062476908287770845,0.018697469134056965,0.006613852754846303,0.004069055130290034,0.01035607649191064,0.028728520109524383,0.003993188401620057,0.00519772903288599,0.0014651617655759095,0.011876675478393401
2006-05-01,-0.06504874404138998,-0.041467140495424736,-0.03675809862205916,-0.029176974149504584,-0.04410699069352904,-0.042291950772147806,-0.022830142864603338,-0.025050954469557594,-0.0251362468400781,-0.029876768758606703
2006-06-01,-0.03022865403193293,-0.017729258663908967,-0.0026852560289785474,-0.0085896579386616,-0.01028933132692282,0.012569757791409234,-0.011245126652988902,0.009756779811312424,0.01519849691149366,-0.00017437169896159996
2006-07-01,-0.03208558012034689,-0.03170178724792651,-0.028309979030532,-0.008037298707929534,0.013538558742693173,-0.015650803609647927,0.025638238339549188,0.027609465083303798,0.02069878469481365,0.0068336664517689005
2006-08-01,0.06581352894629544,0.010736696549978709,0.016093244162452836,0.023035348181485386,0.005746594904558241,-0.023461427734651364,0.0241470656965981,0.01649911350107327,0.027462681985682382,0.0234935740445536
2006-09-01,0.03462142194448678,0.03142353090345977,0.010291757534778588,0.02553619681268543,0.04032171133069004,0.008024397151957484,0.020408038801872617,-0.009924152483886672,0.03175219354260678,0.0249959884288102
2006-10-01,0.021165369494226396,0.031074416465362534,0.044372244069086436,0.047356531616921604,0.037732770074196294,0.03153309177948418,0.012455944443424145,0.007420102355436187,0.017886361653138817,0.030802589000987403
2006-11-01,0.026968472766586926,0.022112710247264283,0.04353648938143711,0.019180800706733135,0.0067776950415086535,0.04471336580235746,-0.006044108686921439,-0.021424531682969237,0.015053070818583012,0.0164048138458813
2006-12-01,0.0007656759463093004,-0.0050097656780836025,-0.0334147116467188,0.004903126007499006,0.022671500195537354,-0.002814149553677675,0.023805966906583452,0.021150238005601847,0.0019004468056772906,0.012107827135420898
2007-01-01,0.012931253451818486,0.03027612514054573,0.006422923514087052,-0.005361699192530679,0.02204265877593047,-0.0010319884527141016,0.004566179553036878,0.012185826732220035,0.014256530781967949,0.0135573497058505
2007-02-01,-0.0236736472862744,-0.0283378283558629,-0.013668319240685848,-0.03500453192389327,-0.02346385271559854,-0.021642809694197893,-0.03838996202186209,-0.009416077753500441,0.00014318212440688058,-0.020936935943988003
2007-03-01,-0.004285505122329782,0.027690491269323658,0.00802777371110035,-0.0010573261791927396,0.0013094204070952103,0.004961563317375451,-0.0004386454750659463,0.005863413263265952,0.01938469518096029,0.0088032691942251
2007-04-01,0.049734103611389344,0.05194989051657246,0.01641220111577959,0.046354366451269724,0.024308469035340882,0.03412253114352378,0.03776518838680286,0.026199081200331688,0.03798963670516849,0.0422609807884511
2007-05-01,0.04085811596731927,0.03309738446054724,0.044409060389031904,0.024937807318458044,0.037294512452425654,0.047517661112826376,0.01778812448816782,0.01001180533508196,0.03374985986887045,0.0325785676050086
2007-06-01,-0.007838597403410488,-0.0018145168403372238,0.0016575582066220129,-0.029824096313032525,-0.010448176771518256,-0.010998311858337353,-0.036513705877307304,-0.0328980036020135,-0.03144913879285928,-0.018564925441831998
2007-07-01,-0.014951186477993168,-0.01965363526035299,-0.03225196661504401,-0.043492306644941484,-0.023452570566301654,-0.04784865926644076,-0.04017589103899026,-0.03595824531582413,-0.04850173156849892,-0.0309445533796793
2007-08-01,-0.0024709794104874755,-0.008308967607329566,-0.022924698024544037,0.024133399681641236,0.009549088338484547,-0.0045473598428272715,0.014048254899084539,0.013522231295325926,0.007130158989954827,0.013170230963626402
2007-09-01,0.05777512958113114,0.03934027308891917,0.04455448878100386,0.023529065718826868,0.021129429940983702,0.022955313584920617,0.0414639230402213,0.03181209014318333,0.031684965105781136,0.0375111711337884
2007-10-01,0.053452946008327,0.018532620703184968,-0.022973214089558682,0.0338666854301701,0.01109719467244585,-0.0006372947295683233,0.00020559541685197507,-0.023631508917004974,0.041093210534526727,0.0210349093180966
2007-11-01,-0.04778240090373423,-0.06250545620446173,-0.09959174249269034,-0.05484808059122905,-0.055122753329699355,-0.05621360411186424,-0.024119146309613912,-0.021290344673001456,-0.03270249616373363,-0.0395684209395589
2007-12-01,0.003513485812082908,0.001458453667071864,-0.08377743643943802,0.023859506296160363,-0.04536959204241772,-0.043376629457596676,-0.004013657813831856,-0.03365334250293526,0.009873114609340528,-0.0036655912484602
2008-01-01,-0.10604832902236414,-0.035979506463210395,0.06997919318645603,-0.09514554270643422,-0.026324394972065065,-0.03651233425252347,-0.07423429034734194,-0.01717515479118839,-0.01130543849732408,-0.0547127257994509
2008-02-01,0.005676144049324178,-0.027367061053069776,-0.05908417097131089,-0.011176161034149017,-0.023147762437166042,-0.067259035696809,-0.022808581337172364,-0.01996005785387461,-0.07482142784668687,-0.025169022471264298
2008-03-01,0.017465447903778308,-0.009528894813833875,-0.06766904112113614,-0.011830430201449029,0.0014287021260607742,-0.01582876189974777,0.022369513988701708,-0.0069445998830107835,0.0014011946560959117,0.0012537117217698997
2008-04-01,0.08823182983719004,0.06815481281459859,0.12674804263600506,0.06872485965583866,0.04919591351726607,0.04528885689200526,-0.0015613743400505085,0.031112991021536713,0.03373971727118642,0.0531383849154023
2008-05-01,0.04562804698758865,0.009876640049466496,-0.06194309991498557,0.022295656626959332,0.03787268517299996,-0.0076146615062983175,0.01067275399327189,0.009736337280473973,-0.0032424905486300175,0.0165127351070454
2008-06-01,-0.07078349579561988,-0.09004268159436557,-0.1723611683805009,-0.04257343969256794,-0.11579233605000955,-0.09758858582055122,-0.06759515206302763,-0.06356420504455826,-0.12147328742084865,-0.0755388076776278
2008-07-01,-0.017963377358521212,0.047056497134281054,0.021298874956033418,-0.024249545239459828,0.0057830746595845944,0.10848922072775734,-0.04340676404905265,0.007046722550103272,0.0674732962501508,0.0048349021915192
2008-08-01,0.012918977652938077,0.022114411784889956,0.018206024885516082,0.01603809305256001,0.033752965465428914,0.03621185861557695,0.0040609529227954855,0.016015196035916692,0.011380490240374446,0.017695505648850602
2008-09-01,-0.17070603992550099,-0.023221973031692492,0.026896147227878364,-0.09020679873639455,-0.0913659198980935,-0.02563073691066825,-0.10138766268409823,-0.042469174612932994,-0.03380009544534365,-0.0675830635891497
2008-10-01,-0.15789485632095682,-0.2332051660021962,-0.1403162353748479,-0.14720084919817622,-0.18697623790954448,-0.14336707819287525,-0.13715151451166102,-0.13618765476333983,-0.13423959913616582,-0.1498241137514057
2008-11-01,-0.11137292485570897,-0.13725363815190073,-0.13210336268111295,-0.09299312925213973,-0.07862971641079927,-0.11807534508248836,-0.0010446484108393161,9.471540020221608e-05,-0.08330767214762973,-0.0592713116072806
2008-12-01,0.02929677540316629,0.10575063698923945,0.06586392447264378,0.013387389147557644,0.028984315881487723,0.05300552354424975,-0.0009481697033302735,0.003266595630303585,0.02793031053627295,0.0211568812449652
2009-01-01,0.009358457721563478,-0.0798032366686159,-0.21756311407998316,-0.04685902492847312,-0.102668029704546,-0.07121049899533577,-0.05211671528169692,-0.05225012181000919,-0.12398557545212938,-0.0670223603964108
2009-02-01,-0.021949005373053346,-0.1366139358067975,-0.2444330295801389,-0.05826438718325653,-0.10915128185496924,-0.14109043157378692,-0.09965681585668887,-0.07374936574985594,-0.11712742028225989,-0.0919217357868143
2009-03-01,0.14326091625189954,0.12800461935682905,0.350965357869202,0.10832053408306479,0.10687641217139099,0.1301451407947131,0.04773748111610277,0.060284456392874004,0.10271895944575574,0.09623701618846879
2009-04-01,0.2666927668708968,0.32832157017819974,0.38234488382986437,0.08998069355563218,0.1252882499677637,0.20609040098862882,0.010276902929915743,0.02035326438208397,0.07277115164493568,0.1146356405198234
2009-05-01,0.07422259404879233,0.12373664924301166,0.17141702197082287,0.07575066512084412,0.031189588647465738,0.05935162177790484,0.058983530114397636,0.036063640482386604,0.06370498966208814,0.0636439142332361
2009-06-01,-0.03157807974113922,-0.035712849592323334,0.04770632007759611,0.026512558130607978,0.0012853852461456902,-0.004821430063117835,0.01006001367511942,0.015801331946453046,0.012244335778535998,0.007813864669448601
2009-07-01,0.10294760301883145,0.17159813323701764,0.17168046138894108,0.06675713715037752,0.09128600282920903,0.08760477924301252,0.04989477505863137,0.05665834391014231,0.0822384478745802,0.0800949931361464
2009-08-01,0.0478810303811061,0.09086376285771602,0.20842679158267247,0.03733785874195402,0.03738987901645016,0.06302765422377916,0.0013444353404055594,0.01364737752204463,0.036721769606763814,0.0419536153610226
2009-09-01,0.09393845803982571,0.0673141162779371,0.025561518771400237,0.05293786959682249,0.06383523586883187,0.008751395560554938,0.026398056098791776,0.015535517353881603,0.029419632406353226,0.0400092151146301
2009-10-01,-0.041429850701886435,-0.040088623374287355,-0.09837002555386663,0.016304978999365515,-0.01459534928319402,-0.0217161726969797,0.013707808982729854,-0.013218618326939484,-0.0232866456672824,-0.013538932472221
2009-11-01,0.060251374951064515,0.10478579435947427,0.06255179063058947,0.05344462470253506,0.0709970212518643,0.06016605107287669,0.06328507786663824,0.05747566292854562,0.0777177760178561,0.0638475342743259
2009-12-01,0.01584817288477434,0.026632171494183697,-0.0073521939963043514,0.04644957327251762,0.0280200443950172,0.03349087115539346,-0.002903065917345049,0.01628593090612982,0.032316095468347586,0.0225589327969019
2010-01-01,-0.018183035756492563,-0.03143386155778383,-0.012266238402279665,-0.06582106474213868,-0.026931255935693992,-0.031743836561289866,-0.0378577471318053,-0.016911999377726812,-0.007608315870784512,-0.0318917544461764
2010-02-01,0.04861577403756694,0.03781794630540103,0.06158757948491212,0.03683378308821374,0.07243061728068301,0.029978971940439456,0.006762416786528488,0.01354858168698728,0.02553627844698993,0.0333248797300591
2010-03-01,0.10424833482747416,0.10704790544898751,0.12231349818446045,0.04753543758116221,0.08337201272306977,0.0753354154627561,0.029980499940862403,0.03655502898855218,0.04415926927972258,0.0636742266164233
2010-04-01,0.01351988514972226,0.05597566226694921,0.04764213711569088,0.04122900970059543,0.02385687240434831,0.01901561235520446,0.015743402880860544,-0.012188328730471624,0.002787623011856551,0.0199314964107387
2010-05-01,-0.07130258410607246,-0.09584864912082851,-0.09594703226539164,-0.09503380238067337,-0.08149379285174861,-0.08360870182306325,-0.06573541040440571,-0.05597859568396738,-0.07257411906313507,-0.0774723306277101
2010-06-01,-0.08430570435716842,-0.08185272656968783,-0.09323947746977483,-0.06316302361385069,-0.06661811671738767,-0.06761002696961958,-0.021955080837648307,-0.012932136159341356,-0.04741994635962567,-0.0501561288319156
2010-07-01,0.12109541436831753,0.10950940365155745,0.07850082535317847,0.08640153780113564,0.07909564249126058,0.06118753240035392,0.06905148322837013,0.03683133011628556,0.0645346891268104,0.0740149824812216
2010-08-01,-0.05947944913663927,-0.08369247128915346,-0.09243853891575776,-0.06689849362142188,-0.06321941713249962,-0.05105101609401186,0.0048115622286913065,-0.013433190225201556,-0.02436084094280995,-0.0417093400965135
2010-09-01,0.1289913959644271,0.11558354019347325,0.09016821668017032,0.1286052797826517,0.09143545452162073,0.09420036578567831,0.05850710582808287,0.0656569166549404,0.09120912462404984,0.093443003062092
2010-10-01,0.056330619117316384,0.044902031361293455,0.03005062366569796,0.06970599673000638,0.03636442092798238,0.03395141837978747,0.03406708869367626,0.025036802480738942,0.03536624543770854,0.0416645531181907
2010-11-01,0.026823190857878345,0.01670744734396026,0.015798529550396886,0.010106203971016069,0.000981640683532258,0.007893910496131858,0.0017573348814790561,-0.023188085692251816,-0.015543799536391133,0.0030816900188272
2010-12-01,0.08103029248097417,0.09584078856896547,0.1380880366132759,0.0812721400011859,0.06403914711765674,0.06559057651947049,0.04660141605368852,0.043399561697205435,0.06248289943495204,0.0704208115384127
2011-01-01,0.05294453948511114,0.04623969886625085,0.010742153882620169,0.029221859645200656,0.038376145768721684,0.030842253417913724,0.031213655209096653,-0.022366594771598924,0.027651895549886236,0.0261906304436683
2011-02-01,0.04025013568272622,0.040829932200698346,0.021082411990298984,0.028499308803963924,0.036495028228451014,0.05815800843066839,0.03817283941208376,0.025049116620501147,0.03813992136497421,0.035177382469416
2011-03-01,0.011623257415566291,-0.0036028616165737024,-0.024465772046808627,-0.009185956940130332,-0.011145432488664179,0.01180313825893282,0.007685648288487629,0.01474084001688853,0.02493879940088164,0.0026485911387104
2011-04-01,0.00718535322178646,0.03679686369471343,0.009813144576692703,0.0143620582239444,0.03330033006432883,0.04610703926306953,0.03625241780143112,0.050426620980319,0.0502531230956802,0.0319797182191274
2011-05-01,-0.02649493230752418,-0.012963164319095843,-0.03636670496509095,-0.028729787493712886,-0.019378775282424574,-0.011198884613853589,-0.01075256201024097,0.019910677274668796,0.024023425180465564,-0.0091568454116725
2011-06-01,-0.005964464928748263,-0.012939973200429236,-0.02423842184723916,-0.011250275368746388,-0.02645417019065113,-0.0022686127717124857,-0.013740580228916745,-0.011659042394420508,-0.021397934667185033,-0.0150662171026164
2011-07-01,-0.020904603999779607,-0.04538564873047841,-0.05202626301224585,0.017539053568575512,-0.04861215655061288,-0.026252446280317896,0.010431154167147676,-0.021867509399434302,-0.025336901277241544,-0.01555765081499
2011-08-01,-0.08587641347353893,-0.0771563509024894,-0.1227501964473328,-0.06502738021866852,-0.07149048023676342,-0.04986774503752496,-0.024978304786705777,0.0008223890257838288,-0.024599431038720344,-0.049262387403272205
2011-09-01,-0.14915834954251367,-0.11161015475601423,-0.1343560622607783,-0.06034674488698625,-0.05527887855138418,-0.07649320579026882,-0.034493403313077514,-0.015514171471382827,-0.04436073782475719,-0.0632074898801022
2011-10-01,0.18182220947193195,0.16914745637333103,0.17609654974093797,0.1395379399147399,0.14249743457321498,0.13666698164450408,0.08450807039674482,0.0483380726769202,0.06552437955765425,0.1150089627448774
2011-11-01,-0.000700758645818511,-0.01822093500135039,-0.04912492436011907,-0.008363931282458296,0.006603542699992875,0.015338519046245374,0.011458368036038901,0.003208931997634818,0.020780291434831472,0.0002106346794788
2011-12-01,-0.01616402476287367,0.024358829726278834,0.005452603129640241,-0.011994588965222038,-0.013747337598358526,0.03325539890863522,0.023484188117771483,0.02685127031039744,0.03547700845161386,0.0129369930340542
2012-01-01,0.09235457963281937,0.08319071155859437,0.12021564447598028,0.07164281729421172,0.06089355448736061,0.03828303766832976,0.030658858558556434,0.011294431763539071,0.0013438457395582148,0.0507234987354948
2012-02-01,0.04086516236025259,0.05675047129833534,0.0744620862063849,0.08484021590692473,0.039528992082739293,0.045104700309520566,0.028944080927745294,0.022042014004208653,0.02630834023843901,0.046902016299524
2012-03-01,0.022468948225973163,0.05112924773680285,0.047629371598765846,0.04349745913419787,0.025944800217236712,0.04974774591543193,0.031194393750120113,0.029301552883470576,0.03165474048907828,0.0356979634959964
2012-04-01,-0.031274967406697725,-0.02032121705828107,0.00947855993504248,-0.021471827989758177,-0.0029770443176969693,0.012498449397123154,0.008117533691218618,0.0039777305471879795,0.02852114955564111,-0.0035238259584789
2012-05-01,-0.14037528788224024,-0.09672519420506125,-0.08549156366683269,-0.05527357129893306,-0.07776419408036224,-0.04657517703128559,-0.031109451038492466,-0.018959454687334783,-0.00024567070282253956,-0.055056462540294504
2012-06-01,0.04806350752660388,0.04263121653827423,0.03637406875176884,0.03774786623978783,0.04973507037769934,0.038835843343449715,0.04393904901876628,0.0413924478888806,0.05415320586833667,0.0438442067183068
2012-07-01,0.010801561440952387,0.0032236298188855666,0.0007992575075446493,0.00931960695122164,0.009442541195271758,0.006971446823212679,0.026295251055266047,0.0284482270111469,0.029246214464163346,0.0174333494588082
2012-08-01,0.046238170569769574,0.026648083700069082,0.04830032714399923,0.04218296812459724,0.034944621052337525,0.025545404246231168,0.021963341589784566,-0.004786538522279927,0.0008550393778738394,0.0253318957181447
2012-09-01,0.04188309636584171,0.03491923920345874,0.03361087233868899,0.01843574136354258,0.02788846546958437,0.01464810247960686,0.026854525745659816,0.030547177262085588,0.01133015599725391,0.026791214732407302
2012-10-01,0.011188751650829228,-0.016213487229198253,-0.022555656366876054,-0.029778198412587595,-0.006706099121357626,-0.012093910803076396,-0.025671039898587437,-0.00723309662138601,-0.00613648735905277,-0.014751118224006399
2012-11-01,0.017795871023298597,0.005460095703536105,0.02629476441018839,-0.006002075850437389,0.021807470069772395,0.023220203367135015,0.003446932513484528,-0.0035561502952868155,0.0031829086827878934,0.0076895477482477
2012-12-01,0.05490245065982624,0.040512385334229066,0.05051076802247708,0.017013899792337507,0.00027751966644173047,0.028799788535419858,-0.02354789336141272,-0.005102720055452846,-0.014434397827353722,0.0109053950085804
2013-01-01,0.09527176222961234,0.06463081851903099,0.0862321750149173,0.057815958672133794,0.049209101378933195,0.06005190765113114,0.016473181791685415,0.061110774524582905,0.0538226866938801,0.0557402156096869
2013-02-01,0.014217640758759845,-0.0011966471690761026,-0.007224566210127144,0.012802531711288217,0.026530111832437617,0.02802676328219658,0.010222273949627604,0.017629012196104257,0.03418200067188223,0.0149163519488834
2013-03-01,0.02201892363127134,0.016710482344631634,0.04076611922151365,0.03215148731590854,0.03786961016671933,0.05455311477521192,0.0465137721332212,0.04209404404897161,0.05716162896451682,0.0393856246840568
2013-04-01,-0.0005930425314853761,0.016533135654229123,-0.003964728738414641,0.038996892596102305,0.02257406983787407,0.023944801781604318,0.01203823061402764,0.03735250190776651,0.03221200505225733,0.0225018186635767
2013-05-01,0.07039730119779157,0.06377163019584285,0.06558360276527671,0.045361521293515006,0.021569931385962717,0.03785982641614252,0.026200878949893293,-0.026954478596944696,-0.021406608906798314,0.0268274851864233
2013-06-01,-0.025185506085385806,-0.033129801267653795,-0.032393888339132815,0.002604237317796406,-0.014927287003892113,-0.006852935652348664,-0.022707984603218503,-0.0038141808302032017,0.01267839269232492,-0.0114325760702926
2013-07-01,0.07669784657439524,0.05423446320366127,0.07516802723204274,0.03371252670561827,0.06386177084834477,0.05735183134160879,0.06728496866721242,0.03162545693908503,0.04476060156739155,0.0535746841982391
2013-08-01,-0.03423199571311103,-0.01603940011378038,-0.0063705607911694485,-0.034567330600493544,-0.029627190439865718,-0.02692285071382206,-0.0075809953293286825,-0.03711567338177788,-0.04490123850808459,-0.0272570710881117
2013-09-01,0.03353300095089174,0.04544779607529889,0.050817687610400036,0.03329439734214688,0.04370318915956791,0.054228649430475825,0.02431055514506215,0.02240362049457212,0.008910678244455027,0.0336684931395411
2013-10-01,0.031436369217836976,0.05247418509728751,0.03867815904875416,0.027549230095098128,0.0514819928801127,0.05098132400492962,0.06709884053918419,0.047057427986786554,0.06125530728539363,0.0489100251921685
2013-11-01,0.06721928827178503,0.012822516122875232,0.035373553078106246,0.03004283534939384,0.036806837707325714,0.03177705566352274,0.04461279629888955,0.02951769916439137,0.0027870654649741187,0.0331856263829459
2013-12-01,0.02773112403014716,0.0438024324724037,0.026983441177918448,0.04036451623942459,0.03318934400061821,0.026294509532103348,0.03668287608406038,0.005675281480953889,-0.002667903104946421,0.0277247335933642
2014-01-01,-0.027894680102673944,-0.02728585344580531,-0.028349109624646558,-0.029873873473151548,-0.036741065297473424,-0.04030750607350887,-0.040844132765593996,-0.03434716703487227,-0.0011594936540377683,-0.0308469265553738
2014-02-01,0.038059370396929054,0.05664804207631096,0.07540272776782302,0.04958857570034177,0.04750639522600237,0.04982081026242462,0.049465817798038526,0.03882640064173172,0.023660414743338614,0.0475973221852211
2014-03-01,0.020072849934776163,0.009486598186347082,-0.0019030405154052078,0.011756525531061142,-0.005105456182199393,0.004065776889471642,0.010710867390892121,0.026972986181553613,0.022989155128802848,0.0104064998669465
2014-04-01,-0.019504525272210256,-0.006340725002060711,0.010411571137268616,0.026565047256779602,0.007642013636326074,0.011134486654809936,0.003873991772480913,0.02108726753015918,0.030754657401811127,0.0101655223221026
2014-05-01,0.016208247540732888,0.02318950689977089,0.03788383886635478,0.016914971796991512,0.035526133422161134,0.048783525497215756,0.028386983124319667,0.004744473905491239,0.021327941086930268,0.0249584191008034
2014-06-01,0.026263062094955915,0.05429243613762569,0.047214999313627805,0.021220269621945564,0.018595747542427207,0.014937281754733793,0.015327835511254639,0.010677983228949679,0.014231976737798831,0.0225199737989736
2014-07-01,-0.0004473175122242416,-0.025594985156546877,-0.03204669520091954,-0.0027723292678870732,-0.010235227858820434,-0.028977459156152352,0.004535040843236737,-0.02699306668037984,-0.020327891600799983,-0.0115993974585898
2014-08-01,0.04336674104051105,0.04309079775662379,0.04071202909384625,0.03846919881257659,0.027194557250529966,0.03697266426751012,0.050604517883989196,0.04306078065491844,0.040771122896379866,0.0412600242597394
2014-09-01,-0.016587083961021497,-0.0428853811227449,-0.043271113698240646,-0.014196131886870968,-0.02223336281171914,-0.010775865394032861,-0.007107486717575526,0.008061355672858693,0.0030903813861289826,-0.011906835863219
2014-10-01,0.009923464515286294,0.017192746165490855,0.007581801092278565,0.029344509661654982,0.02665476554876506,0.04053799228833938,0.030232350690461963,0.028509409815943496,0.05733895893761318,0.0272370390459099
2014-11-01,0.008068838565978145,0.042576113020629025,0.03469840366487578,0.03978046137839997,0.014462025218408172,0.03605511947976344,0.03324154538769042,0.05071861713918592,0.02599452534912911,0.0314232919216204
2014-12-01,0.007349234709720776,0.01769303319232733,0.009796667678877026,-0.011006389736974442,0.007073485241181064,-0.006373006745202708,-0.0009450844839565559,-0.009398018565670966,-0.005347673528905884,-0.0005394447373523
2015-01-01,-0.060525342112308,-0.033438603016534264,-0.027833596292553112,-0.030299989805584748,-0.02101318128767592,-0.016577814167712108,-0.03660900266857569,-0.018008482097313525,0.016275467128700496,-0.0247318858921276
2015-02-01,0.10450377178099261,0.06682714647252032,0.05508314204578234,0.06654080818068787,0.06571156537055886,0.05526412811330293,0.07311939417672782,0.03898118996564899,-0.010143411431697284,0.0599168146171175
2015-03-01,-0.01622617689591088,-0.018415463052794328,-0.013386571147219205,-0.023350256873038308,-0.015995466181941614,0.007865186972094663,-0.014377055431605362,-0.0199237507416697,-0.0003375425385513816,-0.0129904593217411
2015-04-01,0.04548425994874312,0.01959498702198031,0.01929021198163835,0.017610590822661833,0.0027411162208874802,0.00424878538822903,0.01893870536396637,0.004204288122958161,-0.021068659241931614,0.0127073366286133
2015-05-01,0.010948549062645134,0.018384855767090716,0.033974121670701136,0.009411819891091619,0.017005190610939344,0.009904809847563959,0.014474300133855214,0.0026598091092845354,0.024137072936587727,0.014805315398322
2015-06-01,-0.020527567447795048,-0.01109757807515292,-0.007583404953190502,-0.020157956537596475,-0.01785741187270301,-0.024365658339901532,-0.02088168688295026,-0.009446433774658387,-0.022868834718444413,-0.0172394153890047
2015-07-01,0.0014387932109364017,0.005793289867712569,0.05141814186577692,0.006286962707373217,0.016009973216766452,0.0475778360250966,0.03340506049071552,0.03874785857324065,0.05126143275135351,0.0262435567929886
2015-08-01,-0.07014526213995274,-0.062781465000086,-0.05968573171079615,-0.06064277957062286,-0.05561080023005933,-0.05744561975459833,-0.05487441043613495,-0.062456212961651124,-0.041309431535221194,-0.0579508983441557
2015-09-01,-0.04948734456394851,-0.0476659850401326,-0.033152794018956815,-0.023277535627755704,-0.016930936699389998,-0.008039815590709596,-0.013826865475223847,-0.021049342591826663,0.0009953898377747985,-0.0218310103492835
2015-10-01,0.09799327410339402,0.09766621392498528,0.0899681129902576,0.09645946916407641,0.0862553064309991,0.05635199309384367,0.10763516090204145,0.08750586555429098,0.034722653649486485,0.0875170945851126
2015-11-01,0.01962039070327871,-0.005945815003879367,0.01020906868636136,0.012019482509979562,0.008828676903776892,-0.00758676763309975,0.01692598499550424,-0.016362094282914075,-0.0052562590805446145,0.0058387625844559
2015-12-01,-0.02586738371270503,-0.028522911986782154,-0.001133781613641199,-0.03106155109505046,-0.011590003738572097,-0.005375148996271849,-0.005334540766440779,0.001825971565532429,0.020768134034670073,-0.0119131291113115
2016-01-01,-0.12824700184426235,-0.07012337697380248,-0.050119079420547545,-0.057134837048719966,-0.04420595111223576,-0.029031745151545812,-0.03549608013611492,0.0008184962600077579,0.015558540025400972,-0.043179385032469
2016-02-01,0.0031875626985671543,0.0025464790396564872,0.025926739052121194,-0.005680271921587519,0.0054516510643308315,0.0020520599390340894,-0.015568159741288163,0.01504515228674712,0.0064709712830227145,0.0014872975949985
2016-03-01,0.0656985923756055,0.0814122735135408,0.07952972955651649,0.07887631696838304,0.062397526515787484,0.061779232547596596,0.06528341178528903,0.05531110299077713,0.07942543036441482,0.06957244247317629
2016-04-01,0.0616778899041544,-0.020227408113999437,0.03314732251402544,0.020014058001641848,0.030020950902165524,0.0015672971407441158,-0.01500919958004205,-0.0018353146357025793,-0.0182119730541334,0.0087743043919746
2016-05-01,0.022894894667003677,0.031987847709868636,0.0018295083109936589,0.026169466131404733,0.016954493164824787,0.015231172156459962,0.023377665727823096,0.014270518409460777,0.006527479565816274,0.02078645426134
2016-06-01,-0.045592349113997004,-0.013197966729089546,-0.018007322360215922,-0.013109427935700484,0.019375392416965325,0.011214798746895883,0.016061246922343217,0.03342754307692663,0.06423116430720387,0.0060709359729885
2016-07-01,0.06518971274748184,0.051025068545617655,0.06990421228103388,0.043814439479666546,0.019430779485339673,0.030269142954748644,0.03710326228506749,0.026483935108478816,0.01858070656660968,0.0394424715709886
2016-08-01,0.017477798086087227,0.01473371419889697,0.01964414372688599,0.018797979051649233,-0.014777105301226204,0.01451080999917444,0.006879906338077927,-0.027421493394851514,-0.03527459473970445,0.0036272334871783
2016-09-01,0.019214954170940785,0.0330585574911949,0.011572706803777588,-0.002349079589227496,-0.005536227007472998,-0.007185179844347911,-0.011445544052955225,-0.006546186444719121,0.0027811636013342594,0.0022335820558019998
2016-10-01,-0.02050373530788338,-0.005918810242586204,-0.02708379075018634,0.001888733128773312,-0.035194525457325265,-0.031202792157795943,-0.0007468587283480083,-0.027076439506112646,-0.02072174881870977,-0.0150161165801579
2016-11-01,0.0670354741961462,0.03124148795468278,0.10563526652323901,0.05276659263552028,0.04669231385381506,0.06221052654724336,0.02792430389648902,0.024446148160581598,-0.0010408253581167678,0.0429830729965073
2016-12-01,0.02408267243421541,0.01613414857212478,0.004166561322584534,0.02803384146958048,-0.0025502274426759414,0.018450907353541823,0.024966214877909287,0.02698421350682748,0.029184487558567472,0.0205004484426882
2017-01-01,0.02103726848184495,0.03157293274550925,0.043351160973404565,0.0194066142939294,0.017455387600175187,0.009161264421630403,0.031004429667423516,0.0063152333906861405,0.011154978658309016,0.022132263433613998
2017-02-01,0.03478210232115172,0.07216290485012539,0.027008691580207,0.04000589042267974,0.030626675616633875,0.04266086447136382,0.040302919237842946,0.04220689985248446,0.03200927245111452,0.0412315234923891
2017-03-01,0.0010589338377697773,0.02774118453731235,-0.003894601973130891,0.0023082605291072397,-0.008369317277004655,-0.004100886668773958,0.007382729744701151,-0.0007657444094439401,-0.008591284742669828,0.0028010766805035
2017-04-01,-0.0002347818214929728,-0.004242854718192395,0.02229580140059898,0.012391922427863255,0.00554561903873161,0.013168197428210683,0.022695948405472774,0.007855139133744379,0.02370447694558066,0.0118707201787208
2017-05-01,-0.007944047463636379,0.04853166837374349,0.015183263184606565,0.0024073477573544385,0.010068770782572617,0.006363129414413309,0.03928888486814105,0.010227595486695395,0.015956952353376627,0.0171591794484202
2017-06-01,0.01948351949861983,0.017758113274441385,0.01222057109412264,0.016224399425515956,0.00537031580817872,0.021533455363591414,-0.011973640287330448,-1.5064127102075138e-05,-9.477579962070696e-06,0.0080188318419462
2017-07-01,0.025333375488093696,0.021736188132325994,0.02034008780480962,0.024314485143351917,0.012798238109461662,0.007917133348030493,0.030709489973912818,0.01826006440232069,0.019478689928457037,0.0223910450566958
2017-08-01,0.022839538685183364,0.0012037541621253889,-0.0100523889421602,-0.00013291335435701066,-0.0013057146259077721,0.0153494280133852,-0.0025913548806428674,-0.012801946411163416,0.015781320326317776,0.0038943403129959005
2017-09-01,0.021383416338807616,0.044520475644593216,0.047232742167432375,0.02298027549147505,0.02984551409991243,0.027754262050886096,0.00036080250845591877,0.02105922623872004,0.004296837465156799,0.0218850722241948
2017-10-01,0.042811962059148584,0.00996988461693964,0.008114863963753131,0.04347728899297996,0.011203184238399713,0.016755658794798338,0.032948355514949484,0.012563528557681359,0.022416280663497316,0.0281240394974356
2017-11-01,0.041193606088550654,0.034901579381189145,0.02617514040894844,0.02186782507424532,0.02943412763723487,0.039618921444316196,0.018137448634318497,0.052515632911737845,0.06326213700233414,0.033181015309289796
2017-12-01,0.010604001902253607,0.037729212048953624,0.05595957149643225,0.006918487603615579,0.010315656461783472,0.018306656177224667,0.002733093912008407,0.0004938654348084315,0.003872319170014302,0.0120015204563178
2018-01-01,0.06841749622272839,0.054859775365506284,0.047876975942519544,0.0888817983230772,0.05045117688780857,0.05262743647733032,0.06538492925697974,0.026511415746452643,0.025534196453191837,0.061476101901766105
2018-02-01,0.0019909628314559247,-0.028524270163571296,-0.05653438038773205,-0.015529111628186477,-0.05322595688912681,-0.05808393725199401,-0.04531321549064179,-0.08176441449728543,-0.03738372309701799,-0.0352532489132628
2018-03-01,-0.04648819067445961,-0.027666522272810655,0.002142055754240202,-0.03949295802102336,-0.02512920680471128,-0.012458276747124629,-0.01945121965463068,0.004014245283217298,-0.016046075951054308,-0.0243273108702395
2018-04-01,0.007875274039797186,0.010815430331247464,0.015131283212901641,-0.0009378715431526755,0.009392334896056807,0.03253420095478352,-0.0014677642557039518,-0.01369748711211931,0.007668282079380679,0.0060058906275806
2018-05-01,0.027473431771709737,0.021760236308325846,0.0221325657178262,0.052428097995412246,0.00627909868771279,0.00936790464650748,0.024215360512099604,-0.0005511646810289253,0.008023716983622505,0.026005310922720702
2018-06-01,-0.006978974830325261,0.005832853273144631,-0.00178476384836142,-0.0006355968006044516,0.0115778321434395,0.004349537803836966,0.007346557461687799,0.032106501828933265,0.02372315712239858,0.0081431744497956
2018-07-01,0.05111837193552141,0.05594759762598762,0.026189169388684486,0.04759239553768996,0.05013945538587588,0.019916244242644345,0.011620256737210757,0.04303830768794246,0.009036843324877994,0.038666877995845804
2018-08-01,0.01287450946522032,0.000379025575236608,-0.0027956635596981345,0.07102751133943022,0.031107855488189697,0.019611526458076435,0.02282824585537303,0.02276204892873562,0.034457747947146414,0.035238678129206405
2018-09-01,-0.0013076983066214096,0.010131197173327377,0.007690085403718787,-0.007802038283663137,0.02862453487529129,-0.0017860835972165901,0.008016141059742294,0.005024052914113,0.006100791910395592,0.005722953468734001
2018-10-01,-0.13094002473727712,-0.09467626917540133,-0.12044907600814792,-0.05882038700468862,-0.05158759836944149,-0.04753792011032354,-0.08397326706724208,0.005549879869385769,-0.020787840813705067,-0.0634014756244768
2018-11-01,0.033944422559788336,0.03345898488607822,0.022677283239531294,0.019555423719804715,0.04883103410746772,0.013483524442568798,-0.0009809601474116774,0.04189176366230607,0.020287040852875173,0.023924290114356
2018-12-01,-0.10860445512004993,-0.09813117980370606,-0.13226633263495474,-0.09773160102295111,-0.09285498822465313,-0.10104997766923086,-0.07638417531869011,-0.08189843115055216,-0.07463226249849299,-0.0898593833416397
2019-01-01,0.12354136651157473,0.10740084131883998,0.13134033505285705,0.09947438917097724,0.07274794637636951,0.07839356845909473,0.06324135627423166,0.04309151118340498,0.0667159779010372,0.08400479863019229
2019-02-01,0.007625478834017258,0.027948866752271706,0.010310257656762946,0.026638169893499628,0.02156759278548713,0.045490090242974464,0.04666172063214033,0.03543551773825741,0.0225075879361999,0.032922899746141994
2019-03-01,0.021308190290603792,-0.006600980877040891,0.009325115087949587,0.0020220976616196025,0.01851792146266347,0.01080804951273676,0.03235263859550782,0.024848456548039913,0.03085482409513307,0.0203077009385965
2019-04-01,0.06887698180235523,0.04005326025977398,0.04040911366424825,0.049570431088836374,0.031674459511799376,-0.001464770000306616,0.058095936052800085,0.01917515847404538,0.019311837455821768,0.0427705231513002
2019-05-01,-0.1012068242015028,-0.0878170987802451,-0.09441369752840101,-0.08102371325577809,-0.057544167184224324,-0.06105878734561812,-0.062488699562526694,-0.01964493321552368,-0.01672965825992277,-0.0608060178129472
2019-06-01,0.08417824093057162,0.09248340682682162,0.08876791380183212,0.06529285036880547,0.07332388603548715,0.07214762847269915,0.07868728717941406,0.04076917149359044,0.03566461786805107,0.0700518901168637
2019-07-01,0.007458693476814223,0.017469578120846787,-0.012403330320483755,0.024329179528540846,0.01491169389091187,0.01030739000172026,0.01915198902020301,0.006911429843593594,0.00534480745185132,0.0156983636614181
2019-08-01,-0.03773393515506142,-0.06986785393226656,-0.07207151699780578,-0.04015245588949301,-0.015123952799598423,-0.030948367474808502,0.00474075412504581,0.010941922710775506,0.03661814931249519,-0.0130695138716712
2019-09-01,0.021317881200639502,0.059081893248046496,0.028919885868227004,0.016485088047551107,0.02453838323942449,0.031443350385424826,0.012378790196365938,-0.007718363116248746,0.011362380391126753,0.019244314122895
2019-10-01,0.048289085147440625,0.01239901507306941,-0.0001380874190428467,0.016111023233859833,0.014276350209184644,0.014520563821149813,0.03770856147702921,0.005181304922974816,0.004115245498687218,0.0234463409348553
2019-11-01,0.044910045918441374,0.04638075799487637,0.03847645004517476,0.04491438038317383,0.030232028330489345,0.026315071114210463,0.055316531961362214,0.009523411073466853,-0.010429721716854131,0.0373125600911599
2019-12-01,0.029322098381701897,0.033898054577153926,0.055691387574405456,0.04035237729755517,0.01566691155484347,0.01923484315252242,0.024067367314648917,0.025421974858834115,0.012654691844935765,0.030013451708219903
2020-01-01,0.00939461975807428,-0.04904611765982628,-0.07104161172115724,0.026443092779319128,-0.024702991690651797,-0.024918232982995565,-0.0027598445075262185,0.020326579787033297,0.020913092095708102,0.0036199491700225003
2020-02-01,-0.056869973878458095,-0.10437567113336668,-0.10503216181503051,-0.08029500723294243,-0.07899123987080219,-0.10096470177501239,-0.08245049343165128,-0.08157374061658625,-0.08565205167727775,-0.07991765729618751
2020-03-01,-0.10163332132966704,-0.21089721274523407,-0.2850951354719714,-0.09725176567662609,-0.1411219648449534,-0.14958627217911769,-0.07917100710173881,-0.07512823490576562,-0.06471592533453012,-0.10569709071222491
2020-04-01,0.13775887775028592,0.19050988320865453,0.287336355612314,0.17197825423390384,0.12457601304591147,0.1378107642231412,0.13037821046432554,0.10039752356964207,0.07811907517148407,0.1350009673219994
2020-05-01,0.05961047225286552,0.035344602869069236,0.053606434377362885,0.06804836855745287,0.06752482459105687,0.025937991276327597,0.04297591566824975,0.03296241109227463,0.043293687415585716,0.051108056651654896
2020-06-01,0.003991874402987232,0.023114632712668257,0.10141354105689818,0.07261616734749275,0.0015447003725877835,-0.006765057458518253,0.024809511412138028,-0.018581460540755598,-0.015410204583321607,0.0252024776690697
2020-07-01,0.06349912901431738,-0.0020536215388611383,-0.00571376353435986,0.11071340221889714,0.058733498468462125,0.024846975119566614,0.026830471628910793,0.07837741506863259,0.05273120930803081,0.062766677401753
2020-08-01,0.059985890654242126,0.05232918594924222,0.08354579840722759,0.1309668908290211,0.0783526711106965,0.04276132044551792,0.05624048476052979,0.04979647506907936,0.02571779589495584,0.0776724734767404
2020-09-01,-0.023290325862519265,-0.03416469806935725,-0.06744394254117524,-0.06574359621630836,-0.012694397155413647,-0.02867641568693013,-0.03337270470314434,-0.007306691291284595,-0.005385731186934274,-0.0353659427276898
2020-10-01,0.0049197713481542865,-0.006474433747056994,-0.01066326633269002,-0.023656792250625173,-0.018955063983517054,-0.008308886035301707,-0.045227975038092366,-0.033208615538696154,0.00487419665734324,-0.022509261541683
2020-11-01,0.15634347077011096,0.22919795738499826,0.2707488529324078,0.09073816047001916,0.15204814887797313,0.19178201755383625,0.08339093457977823,0.08713599050539969,0.06136401182922128,0.1159691191334733
2020-12-01,0.06157130243559643,0.04888015783742556,0.06338101923022504,0.04492221295520022,0.04335747604430938,0.05430459580306022,0.037276544017446255,0.015449224274607678,0.02437880055100156,0.045042069960500294
2021-01-01,-0.008347836728672394,0.01438258075191704,0.012308288747451386,-0.012667965892332385,-0.041311300777919016,-0.016430210094304516,0.01766420946391322,-0.030943854669264862,-0.021754394785737496,-0.0059523005433436
2021-02-01,0.11515139504555609,0.17169486896619912,0.19127130268149656,0.013515181631984997,0.06773324304539252,0.1139558282329516,-0.007268684824742249,-0.0016275530382294178,-0.013667347302451617,0.0352268422597019
2021-03-01,0.044711952476060204,0.05516317107988912,0.04347393001633801,0.0322117026383982,0.06356503235679518,0.0551807997536383,0.043224843718840465,0.06334360956096538,0.0840968113881266,0.0467192148984541
2021-04-01,0.048401242079831666,0.0297108444348253,0.05265058997344114,0.08724852431181168,0.05044078859896534,0.048689361641236,0.03490568377471219,0.0467073269142374,0.05251537079185545,0.0567308700985231
2021-05-01,0.03273384893876681,0.042227415877884665,0.05919157396769008,-0.01475620512839591,0.011805913459112895,0.03462761668388973,0.011545546892725885,0.01762877007784583,0.0007863391347716789,0.0088358213141974
2021-06-01,-0.001441458802052604,0.00011962274103511326,-0.028447390430154068,0.06260408500384888,-3.7906485135175995e-05,-0.01872061275751381,0.05275598724436187,0.004271999543118457,-0.008191785884464224,0.0275902402534979
2021-07-01,0.021253748797944637,-0.030623283229773035,-0.025937742252800156,0.03345840719284873,0.02847903161045214,0.0049422099889673545,0.0378234661291104,0.03825961279346936,0.041262478099666745,0.02774668650877
2021-08-01,0.028153762931245038,0.016089517280896658,0.015007744193110593,0.045113173005057294,0.019261358099075972,0.033999607158718435,0.04370750859608783,0.016361540529983884,0.01644543484372925,0.0329989063943531
2021-09-01,-0.035694704753732084,0.013529092229285281,0.022477425394607665,-0.06708502339400343,-0.05019793618942575,-0.014290901834618366,-0.053820396480373144,-0.05131150965142628,-0.04256190863850495,-0.0432861394469245
2021-10-01,0.039608124198472504,0.07458958937972814,0.04600993388968377,0.07171341654486525,0.05852711419718983,0.041692104839481686,0.15817485363013908,0.053775529740602436,0.054516246699494945,0.0784669003561043
2021-11-01,-0.040695307825166095,-0.021619343565830885,-0.035824064089099605,0.04146032227486393,-0.003140058504065313,-0.04698738331163606,-0.002572325276544749,-0.007925985713487306,-0.02874035387171803,-0.0002651237071402
2021-12-01,0.06084622241621391,0.05047661261866649,0.033786978046626885,0.04129141483883629,0.0642308758910357,0.05783681980737956,0.01854439768987908,0.08994639304536749,0.09100037029219125,0.0481232171140141
2022-01-01,0.005008483915621327,0.0298024232301611,0.04285766862848205,-0.056510872509558704,-0.037237207239455665,-0.028907537921034444,-0.09591034841165857,-0.04009310980711935,-0.007222650560605099,-0.0448834077576315
2022-02-01,-0.015825671893415744,0.019690670240159105,0.033585974368283665,-0.06254072559659503,-0.030257117594418764,-0.012401298407709671,-0.025762835279225543,-0.011849987158717617,0.004482093043782683,-0.0232201812307286
2022-03-01,-0.017790200712020938,0.023369366208647997,0.01799451500867671,0.039975492407870475,0.03947665273806717,0.006757255698673625,0.07482380018817784,0.03842011295395161,0.05645935624501455,0.0429513991352999
2022-04-01,-0.09708529816015063,-0.053434866059580616,-0.052181452253341434,-0.10687880703878273,-0.05100338685058687,-0.0664333323832613,-0.12590163231757803,-0.020075973772547665,-0.018870908214824497,-0.0790668252775602
2022-05-01,-0.014723326099084331,0.046614343353872205,0.06899311265368456,-0.020166969092774455,0.009923863175200609,0.04405761495819888,-0.00655012539708324,-0.0036031885973630334,0.02739480180033451,0.0054649530123165
2022-06-01,-0.12257662837286579,-0.13857781332581778,-0.15789748761948508,-0.07651187501140864,-0.08026700549345886,-0.10402985843400482,-0.05360684432681969,-0.05155731105317583,-0.04292483465294263,-0.0772460444221115
2022-07-01,0.16852535855100217,0.10635931677483026,0.07734753612546542,0.1348931423570395,0.08722246466160422,0.07648618650398488,0.1183904003120976,0.021178899623834083,0.016815318830823732,0.1000708283736727
2022-08-01,-0.04034700277903449,-0.029987703120714495,0.016528514646607925,-0.051243708292689226,-0.046610183263148655,-0.018956430608936637,-0.06529467048464627,-0.03519576659288093,-0.021845993172286474,-0.039651964481222
2022-09-01,-0.08811052244546769,-0.10550596979454342,-0.10307577789320473,-0.11917251217737883,-0.09345168680571446,-0.08012135933377904,-0.07315125193733013,-0.07423830132721543,-0.07345256156658106,-0.0895696739568917
2022-10-01,0.018053509003922136,0.16431594093187696,0.19943189248260498,0.04014203978333189,0.11785103972662839,0.14672926531625693,0.06736409436374839,0.07705283164380447,0.10639904405647203,0.08807392194880741
2022-11-01,0.08052769527189746,0.06823940236128852,0.035821719744902294,0.04534797105402423,0.07865731611375579,0.0625300837761417,0.05613334392469279,0.0399715658135287,0.042561040928488954,0.0569946427514828
2022-12-01,-0.08420005427238134,-0.060447978461423,-0.04095659632423419,-0.09248839719417506,-0.040034271533497,-0.03515922077142811,-0.08332267520577537,-0.032163508010674996,-0.020094570442005716,-0.057345535349011496
2023-01-01,0.10570622495790637,0.09163404988170462,0.07570306029467228,0.14394023169385942,0.04690197802628636,0.038193246292683794,0.05883489605912831,-0.02146069776866039,-0.016957518745458047,0.0689107739026564
2023-02-01,0.03546583351032984,-0.03405760774203814,-0.05105823516657344,-0.014399030292291193,-0.025610610762818987,-0.032916998169140205,-0.0494006377301667,-0.03917554212709013,-0.038415488623711795,-0.0233279841668818
2023-03-01,0.06125452135652213,-0.04256729519933099,-0.024154874877724972,0.09223462237812304,0.015615167791822423,-0.05408382419922581,0.08511526477416231,0.01998752477345513,0.0031482810700157182,0.041996675695904
2023-04-01,-0.010854501243796676,0.0006541424643837614,-0.011944295580931172,-0.0017030543863347696,0.019614394911574465,0.03180150748348133,0.0407914162219338,0.02427380655841411,0.0015432515961481905,0.015303224477132199
2023-05-01,0.10698193983351835,-0.03199908498321812,-0.035846511140408065,0.08603332544838473,-0.06078048876895363,-0.06842019606885527,0.015187814504850041,-0.06660753824960929,-0.06529139020490408,0.012761986960381402
2023-06-01,0.08432562571910682,0.08560564708435041,0.081731554528798,0.07713116464748143,0.07059594090606251,0.06634028053507446,0.04653850459120244,0.02367869883795972,0.027194335394164208,0.0666808797057654
2023-07-01,0.04984216847676544,0.042410462110974836,0.05204541770854268,0.027129414729201943,0.020242558588513038,0.0388821292814068,0.008696849225721785,0.0032354154151396364,0.02267213534008386,0.0300664794231946
2023-08-01,-0.013086062538812209,-0.04909848671152005,-0.01834390013829016,-0.018823714860769038,0.004404890909907498,-0.037537502632013456,-0.009908455081441237,-0.03283844128805044,-0.037001205022169845,-0.0163807689647312
2023-09-01,-0.08930625912904969,-0.053945487954237044,-0.022459563975411295,-0.0759301511457244,-0.053374596785659034,-0.02567439208164917,-0.053740141804026496,-0.03540015984015019,-0.03202807468569377,-0.0496724628084657
2023-10-01,-0.058567048799366014,-0.0564264945966684,-0.061341408349878085,-0.04173381864491503,-0.026884833730901954,-0.038068234272350315,0.0013580123192580978,-0.0038208408306304913,-0.01514266362700931,-0.0210672617157961
2023-11-01,0.12888271149574654,0.12808588884062205,0.03487728187280559,0.11734290809605338,0.07551516864058289,0.04950023807468007,0.0946642085573614,0.03405279792222729,0.03444322404036178,0.0905104841836933
2023-12-01,0.05238368036173178,0.08283794538419012,0.09650150877733103,0.051010636379773835,0.03736621927802773,0.05322410678021168,0.012972549204745045,0.011321484288871895,0.010244038615311837,0.0446777228097745
2024-01-01,0.08085622334796384,-0.01790759481020774,-0.02676157306593523,-0.024964326156227647,0.013587795767375805,-0.016023185658147032,0.03702601470509409,0.019129638383863796,0.0215780145932189,0.0171691655972203
2024-02-01,0.12775563440841844,0.047365052851834503,0.012424127364847177,0.03818611028584668,0.04161172108375105,0.03556198771045802,0.07368240935838397,0.0030049881387738987,0.008908967107218502,0.055580309412833095
2024-03-01,0.04377577798426347,0.03812156720915829,0.06897794892150377,0.009144736669051898,0.024679409911914946,0.05554366764326828,0.010861294652698455,0.021035826880620036,0.05623952973807998,0.0314814851653237
2024-04-01,-0.05031589145411906,-0.07573418924281293,-0.054727481331456176,-0.024303403768966336,-0.05575630143551795,-0.04691658914268623,-0.06557108763678206,-0.025905012922916918,-0.033920608843940936,-0.041103909773161196
2024-05-01,0.12376372880432125,0.016112329067610977,0.04556793455315159,0.05028142329993306,0.01721346310816571,0.012494994981869314,0.049288824366051504,0.00810472926351877,0.008419455834585088,0.051031611148354
2024-06-01,0.07861697190894554,-0.018900456417879595,-0.009215251094126718,0.07224309369925272,-0.014766987170958031,-0.016645585143733172,0.05176632107766893,-0.017972252286385645,-0.00890927203065761,0.0375910812488223
2024-07-01,-0.015341253714033096,0.050856138387566446,0.04571907137226415,0.011618218895978753,0.04747036224283607,0.03523641179517176,-0.037861981598786676,0.0342842775691711,0.04686514652678739,0.013533291465519598
2024-08-01,-0.004491458168483262,0.005861566481246481,0.006050753231868311,0.004522702561851023,0.031712575590222086,0.005870197774161068,0.029109856380621628,0.04628252236460977,0.02976104356781068,0.023315703981499
2024-09-01,0.03433212904625618,0.02299834963257109,0.038704276631872495,0.025765449757881108,0.004380025937116845,-0.002041358220143434,0.015683212966838084,-0.0037920311135102476,0.005630584434878178,0.021856411197614
2024-10-01,0.013947465730368227,-0.00432661942855623,-0.003557898381645307,-0.024266549456108077,0.0006493028136042183,-0.0074788233071631585,-0.02509012569177891,-0.03614090019342573,-0.007993797214314357,-0.0086860930878545
2024-11-01,0.04725058538664108,0.07636889187111992,0.06656258208190076,0.08603383068901123,0.07250690743179893,0.08078031240955719,0.029806369955995827,0.03330404278813258,0.015011424243269855,0.062460909192777
2024-12-01,-0.010245207787785942,-0.07210793054261193,-0.10604049919257952,0.04208009431250165,-0.06257805666645375,-0.08780518965622733,0.002084543032583359,-0.07689968263188926,-0.07301010734569487,-0.0188491988393666
